region,channel,topic,subs,videos,avg_len,median_len,pct_number,pct_question,pct_caps_or_bracket,top_tokens,top_bigrams
中文,财经冷眼,时政财经评论,约150万,1845,59.0,57,88,39,0,,
中文,小Lin说,财经科普/商业故事,283万,159,23.4,20,16,36,18,硬核×7; 特别篇×3; 精彩×2; 美国大选×1; 避税天堂 - 下×1; 亚洲首富×1; 深度分析×1; 硬核加长版×1; 深度揭秘×1; 深度解读×1,
日本,高橋ダン Dan Takahashi,市场分析/投资,约70万+,848,24.4,18,37,32,15,速報×52; 緊急×17; 絶対やるな×2; Live Demo×1; Tariff War×1; 世界株CRASH×1; 1年ぶりの急落×1; 僕の自信は強い×1; ドル円144円×1; 急落シグナル？×1,
日本,中田敦彦のYouTube大学,知识综合(含大量经济回),约530万,558,63.4,69,36,24,36,Part①×3; 吉村洋文×2; 玉木雄一郎×2; 河野太郎②×2; 河野太郎①×2; 世界史⑥/10×2; WinWinWiiin×2; XENO×2; オリラジ×1; Iran War×1,
日本,両学長 リベラルアーツ大学,理财/省钱/副业,约260万,2692,67.6,75,77,25,34,Rebroadcast×157; 再放送×79; お金のニュース×73; Rerun×72; Money News×60; Manga×9; Re-run×7; リベ大×6; 社会保障クイズ×5; Warning×4,
美国,Andrei Jikh,投资/股票,约240万,640,36.6,36,31,7,37,just×79; money×57; bitcoin×50; market×47; what×45; stock×43; explained×35; this×34; robinhood×33; crypto×32,how to×54; stock market×24; what you×18; about to×17; to invest×17; how much×16; to make×15; end of×13
美国,Economics Explained,宏观经济科普,约290万,373,40.0,38,10,31,6,economics×109; economy×104; explained×85; economic×26; about×16; problem×16; what×13; china×13; world×12; need×12,economics explained×72; | economics×71; economy of×58; of the×25; economics of×24; is the×12; be the×9; why is×8
美国,Graham Stephan,个人理财/房产,约400万,1073,39.2,38,42,5,44,market×145; just×137; real×109; estate×103; money×84; stock×68; make×57; what×52; this×51; housing×50,how to×137; real estate×91; stock market×64; how i×37; market is×33; to make×33; why i×30; housing market×28
美国,How Money Works,财富观念/金钱史,约280万,277,41.6,40,8,31,14,money×39; works×35; actually×20; people×19; companies×18; have×17; that×14; just×12; your×11; everything×10,- how×34; how money×33; money works×33; how much×7; how the×7; is the×6; why do×6; why are×5
美国,Meet Kevin,市场快评/地产,约190万,4923,39.9,41,29,4,53,stimulus×795; just×688; stock×445; trump×400; update×397; market×364; tesla×320; check×317; this×305; what×283,stimulus check×300; | the×156; real estate×133; stock market×122; just said×108; stimulus checks×107; elon musk×99; fed just×96
