The US Central Bank is Going Extreme!	McTXnzvcZXY
USD/JPY Plunge: Time to Buy Tech Stocks	kQ7T6ea56x8
My Top 3 Picks	0kV8iWQPkyg
Buying	ZF4WBu9nuFc
Has the AI Cycle Peaked?	oAyndSJFQRs
Yen Appreciation from Currency Intervention and SpaceX Earnings Announcement	9kC2OU1wwnA
Nikkei Stock Average, Risk of Sharp Decline	VCzYIxXojIM
Are Tech Stocks Undervalued?	klUhX6RgPbY
Predicting the Next Drop in US Stocks	GbxSVKzRXlI
半導体株の暴落	Sw_qqzBepSg
7 Charts to Watch After NVIDIA Earnings	3QhnCZqjmZk
Nvidia's earnings report is coming soon.	Ied9CPpLq20
US stocks beginning to decline?	D8ugtsGP2ZA
Will you sell in May?	GJK-siW6798
Is this the peak of the bubble?	gdCYKMLdIp4
買う時なのか？	bIa4_OQaDrM
Zen and meditation for a comfortable life [Guest: Akasaka Yogetsu #4]	_vhtck-UUrE
Even "anger" changes over time [Guest: Akasaka Yogetsu #3]	pDHnXi_WSds
The true nature of this world revealed by the sky [Guest: Akasaka Yogetsu #2]	Pw6Uqm6HcOo
10 charts to watch now	b8M4MiHr_sI
Beatboxer Monk Spreads His Wings on the Path of Zen [Guest: Akasaka Yogetsu #1]	Mc5ueb97Wic
Iran War	P5qkEltYRGI
Is blood sugar the cause of poor blood sugar levels? [Guest: Okashiro Miyuki #4]	gyCEJZ3r1KQ
The beginning of a crash?	AwTpO2n04Zk
Blood sugar imbalances that are overlooked [Guest: Miyuki Okashiro #3]	dTILJUhGZzs
Why blood sugar levels now? [Guest: Okashiro Miyuki #2]	bEuc8eVPD7c
Blood sugar levels and life: The essence of stability [Guest: Miyuki Okashiro #1]	JgGvdu5bRkY
Future learning that will support the lives of young people [Guest: Hiromitsu Tokita #4]	VJiaY0YT7ro
My mistake	SFJt0QDi6ZE
"Imperfect Parents" who Help Their Children Grow [Guest: Hiromitsu Tokita #3]	kofRrOXOfmw
Interest rate shock?	AkP_WRY7MI8
The true nature of intelligence is the ability to exchange information [Guest: Hiromitsu Tokita #2]	qlXUZ85WEG8
The next stock to double?	KUBBtNAvw5M
From the corner of the classroom to a Tokyo University admission contractor [Guest: Hiromitsu Tok...	A72vwP25qnM
"Exercise" will save Japan in the future [Guest: Nicholas Pettas #4]	X84vQ9oI6UA
"Bushido Spirit" learned through martial arts [Guest: Nicholas Pettas #3]	r8lzLMnIG8M
Time to take profits?	FQPXOJh5DFI
The story behind the birth of "Blue-eyed Samurai" [Guest: Nicholas Pettas #2]	tjixtBxC6kI
Silver and gold soaring?	BakLuGS7mNk
The Legendary Karate Master's Last Apprentice [Guest: Nicholas Pettas #1]	nlfMJF_iRCc
Dan's Trading Update	vx19K0o2d6c
Is the gold crash over?	YL-G0EMdZtk
[Breaking News] Nvidia Financial Results: Will They Sell Bitcoin?	hlXvOItQq_A
Five risky stocks?	3une06OwG6A
Is it time to sell big? 2026 strategy	pBZcFZ2lWBE
Meta stocks plummet - AI bubble analysis	6z6_scHUKnM
[Preparing for a bubble] Central bank to announce financial results?	Ge6npMX19aM
Gold finally crashes	rPrzfZLbVoE
Another tariff war, timing for a major crash?	PW6NQpfm_9A
Yen weakening, will it soon reach 160 yen?	bnA_yLqlTDs
There's still a chance for $10,000 in gold	nZSvhoN6E2Q
What's your favorite brand right now?	0eLTHOn5rDU
Don't miss this historic opportunity	fT-A7jkFXnw
The next AI stock to skyrocket?	RvOudhXRRV0
Gold and silver soar!	j_IvXz08_ho
200 Years of AI Bubbles: When Will They Burst?	VY2tzcgRAHE
Is now the most important event in 2025?	FWkpZMkO0L4
Historic Opportunity [Precious Metals]	bWBoSEMG9gg
This is the worst time...	mMarkabmDF8
【速報】エヌビディア決算発表、暴落の準備	HQDR8CkuiAc
Two major risks	k4eK3XqV_tI
US stock market crash prediction	lMa8KYTeLjc
Is it time for a Bitcoin crash?	_RvSdJWiKx0
Is September risky?	VAGIy3_FwYI
[Breaking News] Japanese stocks hit record high, is it time to buy?	dIYBWM0_mDY
A chance to buy Coco?	lFu3fo_aXd0
Preparing for the next crash	QigSRHQ8JYI
I'll buy this with all my might	GfHhAEbyttw
[Beyond Anti-Aging] Is Rejuvenation Possible? Dr. Yui Horie on "Reverse Aging" [Guest: Yui Horie]	WRPG2GZmJSM
Could it be a crash?	TeCd1Suc9xI
[Breaking News] Financial Results and Central Bank Announcements	I83Vh5R7h30
High risk?	6sRfIq1eiig
Global markets to fall in autumn?	3Jm0cUP6AHU
Continuous central bank announcements	g73KjLwq8x8
Time to sell soon?	hshruA71xj0
Can Aging Really Be Stopped? The Truth About Senescent Cells [Guest: Hironori Uekura]	JO2UxPIw61s
A surprise announcement this week?	lBHIURLpjPc
[Are you 100% sure?] Will this stock soar this weekend?	pdaea2pODWk
Japan's biggest problem is this	mNIJG7HzlRQ
DanTalk Special Edition "The Power to Survive in the Financial Industry" (2025.07.12) [Guest: Fra...	StJpoGrUvn0
2025年度PostPrime株式会社 経営発表会（2025.07.12）	qyNfVOYDi0I
"Breaking News" US Financial Results and CPI Announcement	QW2aWrEWsXk
Don't sell now	hiUXWkiF0cQ
PostPrime, big announcement	OQ3ikztBTBU
Bitcoin, is it time for a crash?	B93Y3T6ETnc
[Live Demo] Are You Brushing Your Teeth the Wrong Way? A Doctor of Dental Science Teaches "Proper...	_qa2YETA-vI
Trump announces 200% tariffs!	Fva-pYifnho
"Breaking News" The New York Dow falls by $400	-NwF4rc2cwQ
[Tariff dispute] Risk of decline in July?	DF0tFeyE5tU
Will it increase tenfold from now?	72puD7mjG-c
The one word that gets information out: The true nature of the "interrogation techniques" used by...	9onE7_-Vy8w
My long-term strategy?	s5xYB6O4YEE
7月中、ココがベスト投資？	iGEpMvichIE
[Tariff War] US vs. Japan?	Qp7aErHl0tE
Risk of a summer crash?	I6YtaenyFMo
6時間睡眠は徹夜レベル！ 脳機能を守る“戦略的休息”の新常識【Guest：小林 麻利子】	Rg10wonYxek
[Breaking News] Nikkei average reaches 40,000 yen, will it rise further?	l9y5k6-0XI8
The next stock to soar 50%?	9kyPwRcP6_s
Is ceasefire real? Oil prices plummet	8CkVpViwCF0
Iran vs. America: War to Protect Nuclear Facilities	FYtsVyCVsZ4
Pitfalls of generative AI and copyright | A patent attorney explains the truth that is "dangerous...	KBtTFJRhPE8
Any chance to buy soon?	l1prJf3wfbY
The stock that's soaring 20% ​​right now?	eKcH4Ua-2Oo
Is this the cheapest place in 25 years?	mVzcRaAdSMA
Tesla crashes and surprise interest rate cut?	GcFFrY4xNG4
The most important brand?	7atRmIrNxWw
When the market crashes, buy with all your might	YCasVUK8fXQ
Is this the cheapest place in 100 years?	eoRH2u7bdlM
Will you be buying this soon?	bAKZjJlCMEU
Sell ​​in May?	2ZeL4iezYmY
Definitely a chance to buy?	S86VDfi8Www
Dead Cross	8gn2e3fe-sk
ドル円、急落は止まる？	9NZ462loxXY
Market bottom?	KxmRo9S-6lE
Historic buying opportunity after the crash	BYH4zTw0SXg
Buy when gold crashes	QHIpaKp-2gk
Trump tariffs: a big crash	WrASGVu5jkA
[Breaking News] Crisis situation	vuGiUqFGJpw
The crash isn't over	bZiGLWhcxgE
The first crisis signal in 40 years?	kRGyzTBAahU
この銘柄は今から急騰？コモディティサイクルのきっかけ	5lUaBBQL4Ls
[Trump tariff war] Will it be settled on April 2nd?	Pf1TxP5Flb8
Are stock prices really at bottom?	udlxw8FomDs
今週、2つの中銀発表。市場への影響は？	OuRw7LRVKyw
株暴落はチャンスか？僕の戦略はこれ	jzX-KQBIqTo
米国株の急落、終わったか？	gN-Kh_CkxaA
【世界株CRASH】エヌビディア株がきっかけ？	81hqHhPCNDA
暴落は今年起きる？	Mbz_MkNzggM
僕は全力でココを買っています	F8GoYxIXkCA
Dollar/yen plummets 10%	K7HIDD2Y2to
Emerging market stocks "here" will still double	yM6L_risjdo
2025年、米国株を買うな	FoKhoN2fs74
Nikkei average rises to 100,000 yen	JTreVK0So-E
トランプショック	KJ9qupv2IeE
Gold will rise 2-3 times from now	pTp2vuEnuC8
米国株決算、1番危険な銘柄は？	-aZVSHQKa0o
【緊急】今日は歴史上最大の暴落...	2DqP2IifB6w
【1年ぶりの急落】大切なトレンドの始まり	jeHj-I2_huA
ビットコイン、まだ9倍上がる	UFcXr5RBU34
An opportunity to buy the bottom?	0FKSKkaud98
2025年、暴落のタイミング	H_wTJLSR39M
僕が注目してる５つ銘柄？	QgRK6arJsMg
2025年「これ」が1番安全の投資？	rMp9uZvSpqo
今年の米国株「ここ」を優先？トランプ政権、中銀、マクロトレンドのまとめ	WSdS0cNegvI
When will Bitcoin crash?	A9fOx7-BHTQ
クラッシュのシグナルがきた？サンタクロースラリーは下落！	OZz4cfd-qzg
My top 5 stocks for 2025?	nrMJk85vkbM
米国株、年末の急落リスクは「ない」？	XlwzA5pt-BA
Could there be a crash in 2025?	DjlSSD8rhqc
【速報】14年ぶりの大発表、70%上昇する？	0w4JyuGcFDY
次の大暴落は「この時」に起きる？	kDxZpUQdDxk
今月から、大きな投資チャンス？	Hzgb4bBcagg
【速報】ビットコイン10万ドル突破、今から9倍上がる	cNm9MGrJNVo
日経平均、６万円に上がる	ZP9TSa9GwUM
ドル円、130円台まで下がる	G1B4XJAG__M
Don't sell now	dWsbsFPVCFE
A super cycle is beginning, what are the three things to watch?	qlnkfIyx0Nc
My 5 predictions for the end of 2024	rV9KrQ5HfmI
米国テック株、バブルリスク？	1IMFD2xIHF4
まだ、買うチャンスは残ってる	JvlZFKfWzN4
僕はポートフォリオの90％をここに投資する	V2ZCfKRhTPE
トランプ勝利、投資の最大チャンス	9c1ZgxJQFdI
いよいよ、買う時が来た	66oTt4_BiIs
アメリカ大統領選、どの銘柄を狙う？	mmnDeVz6u8A
11月のリスク？	6maepaRoPVs
衆院選挙後、日本株は急騰するか？	pPBIW-sJKjM
まもなく相場の嵐、衆院選挙について話します	5OUxGx5Qv10
【速報】ドル円、もうすぐ155円	TGjHQw1Echc
今は最強なチャンスです	vkJH62cNSh0
半導体株が大暴落	7btIHWlmzRQ
Buy more Japanese stocks	wVX5HIDWRAs
これは絶対に自信がある	TbhHC-UR0nU
10月の大暴落、この3つを狙う	KUEqdUGGmZw
日経平均が４万円突破する	T-aQCn-ZHUU
戦争悪化、僕の投資戦略	9rv0hOSIxoY
【僕の自信は強い】これは2倍上がる？	8OzeReq2Auk
日経平均が1900円クラッシュ、失われた100年	ehLzy-H820c
①暴落警戒と②自民党総裁選の意見	yNzj1psSeXQ
【ドル円144円】円安は終わってない？	N7oK7EIL5-M
【速報】中国の緊急緩和が発表！	wXbgoeXMZBA
この3つ、買うチャンス❓	oWAaZcQbsjM
【速報】FOMC利下げ、気をつける	2WikH9WiFzQ
ドル円が130円台に暴落、行き過ぎ？	uVJJq_P_Zws
人生でめったにない、買うチャンス	gg0wzPRWes4
トランプvsハリス、僕の投資戦略？	g-rqekNgn-g
Economic Downturn: "Here" Is Where It's Safe to Invest	RT29pvUkfxc
急落の始まり、チャンスです	aMOKe_thyIc
秋はクラッシュ「これ」がキッカケ？	TYKOvfTdl5o
僕の予測....	ipRO51Fqgbs
暴落時「これ」を買います	8yG04dv_q-g
AIバブル崩壊、始まったか？	BwDwd8IOFfA
ドル円、反発するか？	_3tz1P2J_IM
新興国株を買う、どれが安い？	BvItvsfzhrQ
エヌビディア株価、暴落するか？	LVmXIlVEPhs
日本の中小株、買う時	u1dRgFYEdkc
【急落シグナル？】ジャクソンホールの影響	YeYlfZxdP7I
アメリカ景気後退リスク	ntGhr7CCbiI
暴落はまた起きる、買うチャンス	h2M3sKEBJeA
Will the dollar/yen rate fall to the 130 yen range in the medium to long term?	Puz6OwQdXbQ
【今は少し危険】アメリカCPI発表	K-_hSpEwn4o
日本株まだ上がる、5つの理由	_W_k17OneQ0
クラッシュ、終わっていない？	Zr2zuIKDpWY
大暴落の後、ここを買う	zmYACrG_r70
ボトムを買うべきなのか？	jPqY0jDbqu0
1987年以来の暴落、なぜ起きた？	t5urbyFolpI
日本株の大暴落	FF8x2beWb94
I will buy more	I3Rm1Sgqa0c
【速報】日銀の利上げサプライズ！	2OXAxojRpao
今週の発表をまとめます「日銀・FOMC・BOE・決算発表・米雇用統計」	7T86BHHcz-A
みんな忘れてる「大きなリスク」	TP75GbhsoAI
クラッシュの時「これ」を買う？	qX5mHuTmFlU
米国株、2年ぶりの暴落	C-CdjHpuhBs
My Vision and Dream	I_b1UuZAtuw
今、この２つはチャンス？	Y7DRIF5lwFY
ハリス大統領、相場の影響？	S1qFgwlXwC0
アメリカ株、10％急落リスク？	C8_cG7bY7hg
日本株、全力で買う	zIgZW6FU1yc
僕から大きな発表….	wnp36fsVaSg
【100％自信ある】利下げスーパーサイクル始まる	eiqhaYaRJJE
日経平均、８万円に上がる？	LaUCO2IA2IQ
今週の発表、米国株の最大リスクか？	X-Md_mZWaGw
ここが24年ぶり、買うチャンス❓	vEk1nCuXOco
No interest rate cuts coming?	Bh4KKJvSu60
アメリカ株が歴史的高値、どうするか❓	OVqWo5ETfY8
円安が止まらない、僕の投資方法？	tXubXjU2uVA
Trump wins by a landslide. Will you buy this?	bZW1wfoqbMo
【緊急】ドル円は177円まで上がるかも？	ShdayV-IJcw
100％上がる？	x21IMnghuTQ
僕が全力で、投資してるもの❓	frGnXzzZnaI
テック株バブル、いつ崩壊するのか❓	QButu_ssMtA
Is "this" historically cheap❓	LRYZ0r0PW54
【絶対に忘れない】メガトレンド❓	JlNNSz2jUvk
The super cycle is about to begin!	ZzQltgERt8s
NYダウが1000ドル急落、3つの理由❓	hYB_bPvEC9s
日本は本当に大丈夫か？	hSZ0Uk9M-Eo
【速報】米国株、2024年で最悪の下落	3euGtGLM2MA
200年ぶりのチャンス？	TvItaC2MXm8
Is the AI ​​bubble about to burst?	daRNoXN7kx8
[Breaking] U.S. CPI Announcement❓	asNK85me9sc
米テック株の暴落、いつ買うのか❓	nWs1s-4BiN8
クラッシュに備える、決算発表に注目	3MeMA9ybVSU
【速報】イラン・イスラエル攻撃	2Rcm2srpbRQ
世界相場、暴落の可能性あるか？	bvh7feXrEGQ
円安を止める為替介入❓	ZGN3rS9po4k
NYダウ５００ドル急落	ZylsDvKBVRc
【速報】今夜はFOMC発表！	nmWoQGlVlcE
【速報】米国CPI発表リスク❓	uRS5-P-WAN8
そろそろ、買うチャンス❓	Xnnu6xIC5m4
米テック株の暴落	gRhPz3z6dCI
【速報】NYダウ1000ドル急落	stpMwZOkQKs
2024年、バブル崩壊するのか？	UlEssNGLfe0
「ここ」が1番大きなリスク❓	XSl4tHfpm_w
USD/JPY: Heading to 160?	EkXQyvqc048
米国株、今は危険なのか❓	aen6yItzt1k
Will Bitcoin rise 10 times?	PRV1FjRgJjM
日経平均、もうすぐ5万円	cCTM3SV466k
【今年は利下げなし】FRBサプライズ❓	U9lRYfalsIU
【17年ぶり日銀利上げ】YCC・ETF購入の停止	--8EtmCyKV0
歴史的に初めて「これ」が起きた？	be7knxCpX_g
米大統領選スーパーチューズデー【5％下落は当然】	Fg4t-kAIeAs
歴史的バブル、崩壊タイミング❓	VXE1NNVZtoc
[Bitcoin has more than tripled in one year] A thorough analysis	RPkCJIrduuY
24年ぶり、クラッシュはいつ起きる❓	uLy1TgeKlSU
日経平均まもなく４万円‼️	hf7_MMsnjno
AIバブルなのか？ エヌビディア決算に注目	xYXqiObKs60
【1番割安はココ】　動画の最後で僕のプライベートの事も話しました	Xo5xjIIkC4E
【速報】NYダウ700ドル急落	0fVrcU7Pl_k
最強なチャンス？	i07CbDifIF4
【速報】ソフトバンク10%急騰、アーム株が40％爆上げ	zSK2HLXijPw
90年ぶり、バブル崩壊	aSExejyChkA
米国株、危険なシグナル	BrYRwDnXFts
そろそろ買う？	sGS-FWW4gpk
【速報】暴落の始まりか？	Z49ll6FJYfU
日経平均、もうすぐ４万円	AHUblH1UYhw
【3つのリスク】今週に注目するイベント	nWKEsbx4Sp8
絶対に勝てる投資？	CapGwJ3QSI0
【注意】2月は歴史的に危険	2p0GA6D6tlQ
大統領選はここに投資する	LxiifCWvA9s
やっと買う時	zxxTqrsimZc
まもなく、ドル円が150円？	8Uc-1Ldbq-Y
【速報】NYダウが500ドル急落	_L07aM4t4oo
今から2倍上がる銘柄？	6syn8AiqFrY
45年ぶり、ココが1番割安です	ZHgS5Cnd7Cs
2024年の予測、利下げに期待するな	nxkVPTPkRII
米国株、10％暴落の始まりか？	gT13yjSIbUw
世界株、1月は絶望の売り	2KgDoEPoWSA
[Strongest Opportunity] Summary of 2024 Strategy	p7uHON1h1M0
米国株2024年展望、利下げ時に買う銘柄？	msJG5fv1x8c
2024年は日本株を買う、新NISAスタート！	P67DsFbBpaI
【危ない】サンタクロースラリー❓	MKzXEiIwNTk
50年ぶり、ココを買う時です	NXQhQqGOwGI
NYダウ500ドル下落、暴落の始まりか❓	fwbnzAOovRk
年末年始、米国株は危険❓	-iE63hlilNY
【速報】日銀発表、債券とドル円の投資戦略	-u88MyNReNw
人生最強のチャンス、金融緩和の始まり	9PPOaQtKlt4
世界相場が急騰、僕はここを狙ってる	S7DEfKllnwc
FOMC発表前、今週の5つイベント	NdAFtXpWiYM
今から2倍上がる3つの銘柄	PZiKzvRCJ6g
【緊急】日銀が起こしたドル円の暴落	9ZiGM1Auqa0
ゴールド、歴史的なブレークアウト	D0Dz6e-U9OQ
2024年、最悪な年になる？	J-82GtR_ySc
やっと良いチャンスが来た❓	0j8K__WCwD8
今は買うべき、巨大なシフトです	BZ7IQ9yfIwE
来年は138円、ドル円の最大チャンス	sHSeE74u7cE
12月のクラッシュ❓	_uGPnYPKru8
今はココに気を付ける	G6i8k2soo4M
新興国株「これ」が50％急騰する	Gv8OHuLwu9k
247年の歴史、今がベストチャンス！	H6fPm8-xDog
やっと始まった、ドル円の暴落	xMtIXmIMMU8
サンタクロースラリー、年末年始のトレンド	HdUPeWWhxE8
【速報】日経平均33年ぶり最高値、6万円まで上がる	9KwoMwInLP4
今、投資するべき 7つの銘柄	dyg065lkuMw
次の暴落は「ここ」	6BBOrqBWs9M
【8年ぶりの好機】アメリカドルの急落	sgWDpnx3dqY
世界相場がボトム、買うシグナル	PECAb_2zgGU
【速報】米国CPI大発表、僕の戦略❓	r5n4xZ5SQPI
人生最大級のチャンス	AnJvNoar4bM
デッドクロス、暴落リスクか？	H3w5kyuJp2Q
著名投資家は「これ」を大量に買っている	rhtLiVTilsE
36年ぶり、新興国株を買う時	ZlawTaVcgT4
最強なチャンス	UeqWRX0ZKNo
【速報】FOMCサプライズ発表、アップル決算	c8O3nNwMr9Y
ドル円が急騰、160円に向かう	qpXplDaIzcQ
【緊急】日銀が利上げ発表、展望レポートに注目？	QhfKwpwNFaM
まもなく5つの大発表	U_xAiv03I0k
【米国株クラッシュ】10％急落後は危険❓	hHMbGEYOnU0
【全力で買う】70年ぶりのチャンス	21LWcoIY6nQ
【速報】アメリカ決算発表の戦略？	AUQ_aMYUS0M
NYダウが1000ドル暴落、ウォール街の「買う」シグナル❓	0d3nAO7_gPY
米国相場パニック、2007年以来の高金利	V-cPpwKMmqE
日本株、歴史的な買いチャンス	Ri0B4ezle-4
【速報】米国株の急落、ドル円150に近付く	fBYESCHEVWk
年末までに「ここ」はいつも上がる	fNhw2ib5N9s
本物のクラッシュ、リセッションに備える	Xe8Pj7kLnLw
【2つの緊急ニュース】ヒズボラ攻撃、アメリカ政府閉鎖リスク	X_73WvYcv3c
3年ぶり大暴落、イスラエル戦争の意見	iyVbOOz901c
【利上げの終わり】米CPIとFOMC発表	Q9DKoLIkjsQ
46%メルトダウン、まもなくボトムです	95d1WTSLUIg
イスラエルパレスチナ、戦争の投資戦略？	L3vqXLjdp0U
【米株は買うな】雇用統計ショック	ORzGcHwTrxo
【速報】ドル円の急落、ショートしない	YX7o74SmTMM
世界相場が暴落❓	2_zmKLNWYNc
【ここは2〜3倍上がる】人類最大の危機？	mQzeoIjfeq0
10月の歴史、全力で買うべきか❓	6uRMuOplK7M
【買う時】最安TOP3銘柄？	1a-h_I_frRA
【緊急】アメリカ政府閉鎖❓僕の投資戦略	AHij-hg0Prk
15年ぶりの暴落、何を買う時か❓	wOsl2DlJRjU
【メガショート】僕の巨額な空売り	jv414IQFgeM
【速報】ドル円まもなく150円、円安から守る方法❓	tfuX7nnmN_w
歴史的「ココ」は買うチャンス	DnoCuvIJq3E
【速報】日銀発表、市場はパニック	DXY5_NgcFAs
米国株は700ドル下落する、FOMC発表のまとめ	djgPJH_eUG0
アメリカの大間違い	YvaHIHLwRN8
9月後半、大暴落は始まるか？	kXWwkYSpp80
この銘柄、3倍は上がる	lWqshCEePmE
ウォール街の警告、23％クラッシュシナリオ	dJZxIk49wUQ
ダブルショック、また利上げが始まる	-FmpegXL1YI
【速報】米インフレ、今夜のECBと米PPI、アームIPOの戦略	4k-dXumXrio
米国CPI発表、リスクは終わっていない	lUzwI_uiGU0
【速報】ナスダック1%下落、アップル発表、アームIPO価格、ビットコインデッドクロス	TeiOClCHu4E
The US default crisis will begin next year.	4qLE9z-0IIU
【速報】テスラ株10％急騰、アームIPO、日本国債の入札	XR9kvA4w9Wk
【緊急】日銀発表、金利上昇のリスク	2Pbg3o-24sk
【速報】今週の展望、G20サミット、アップルiPhone15	aMVhiTSy32w
去年と違う3つの観点、円は大暴落する？	-oaK5iusozY
【世界ニュースまとめ】中国CPI発表、アームIPO、食料価格の減少	DzWEtSt0h1E
米国株ナスダック400ドル下落、危険なチャート	dZ7q_eRobvA
世界相場が転落、アップルショック❓	bIdWsVfFrAA
日経平均は10万円に上がる	RCMwfHWuj1s
金利上昇、10％急落の可能性？	oq0M0xgcXsA
やっぱりこれが気になる❓	kltWMzuxs4M
僕の自信は100％…「ここ」がパーフェクトの投資？	VsJdnETLZ9w
9月は歴史的に最悪😣	Xfx6j_EwBJ8
数億円の大損をしました.....	dx_er7XYqM4
【緊急】ドル円が155円、ゴールドマンの予測	b6DB9gOYgPA
This will double.	woK6wX4Sgp8
歴史的、３つの売るシグナル	V_ZoJDpmKH0
円安、為替介入で止まらない	cFDcUYsvmvQ
【速報】ジャクソンホールまとめ	VuGawVQj-lU
米国テック株、絶対に買うな	C2J8BxEYURM
【大発表】ジャクソンホール演説	Rh1w0apSrnE
【緊急】米国株 200ドル急騰、エヌビディアの影響	usd67g8Kgq8
このチャートは心配です	gZtzE3JQv9s
1番大切な決算発表❓	Za3DF-GpbmA
まだ、買う	lzXng9RD_wA
【速報】利下げ後、急落が止まらない	SEsVwAZTOEU
世界株が大幅下落、本当にパニック❓	l6OkT6YrK1s
ドル円、150円に上がるか❓	a6lpkG3OYGg
大暴落、いつ買うのか？	l4trZtBbL0Y
3年ぶりの大量売り	Z_HPCMbiyM4
【緊急】ビットコイン17%急落	l6jjQCoJ9Hg
アメリカ金利、恐ろしいショック	bU_IXj4kjGA
著名投資家、大規模な空売り	vx67nyVciv0
[Breaking News] Nikkei 225 Plummets Again	ozom0nMrBYQ
巨大な、急落シグナル❓	YGEaYeuLYsc
【緊急利下げ】中国経済が爆発	AxX4hURLh3g
【急激な円安】続く3つの理由❓	XstNldORptQ
【速報】米株が反発、買うのはダメ	kQo0ZrZKsuw
バフェットが買ってる銘柄❓	O6wBeQdsoxM
【速報】日経平均が急落	Ndvq9S17rkc
ドル円145円、本当の理由は？	ZnjzdGVsQgc
今週「この」5つリスクに注目	PIlKWhOGPXk
非常に危険なシグナル	F-R-bDw0Utc
クラッシュの始まり、半導体株が注目	3HYgggRjDvk
U.S. CPI Announcement is a Warning	S7foNckwU28
「この」ETFを買わない	Mo2hVeotXIc
さよなら・初めまして....  最後の部分も見てね	3d95oEJh1wk
米国株、秘密の急落シグナル？	hFVjj947FUc
大暴落が始まったのか？	XL-MFPr1y9I
アップルショック	U_8e7hroXjc
今は最悪な時....？	W_EtUQstHi8
日本株、買う準備をする	YlCq4C1Z_IE
Buffett is buying "this".	DxU-rxo4U70
米国株、今は警戒するべき	F-_CWEz2EeY
【緊急】アメリカ格下げ、米国株が急落	1Yr3VliaTbI
64％大暴落、著名投資家の警告！	QjlCcCop740
日本株、10年ぶりの買うチャンス	FUsZIaPFuOY
僕はダメな人間です....	fkz0a-TjqYM
【緊急】日銀が利上げ、円高の始まり	WoJCVBcU9aM
昨晩の下落、20％暴落の予測❓	lBCyyKnp_9U
【速報】歴史的なダブル利上げ	7rzUBRXiEBA
NYダウ、126年ぶりの暴騰	UBDY4QUXf5w
まさかの「利下げ」FOMC発表？	sgKDkpemni0
【速報】米国株が急変動、決算発表	oCSVVOVjGhU
今こそ「これ」が最強のチャンス	IZAJ_1vO0Ts
アメリカ株を売る、FRB利上げ後のリスク	q3lH-_623yg
日本株、やっと買う時	YxmX77EP-qI
この投稿、削除される前に見てね	Su3YTxSU5IY
NYダウ9日続伸、上がりすぎ？	fLN6Zk0T7ys
【速報】巨大ファンドが日本を売る？	3HSyYI5UawM
アメリカ株が急落、決算リスクの始まり？	ica-YV4SZlg
秘密の「日銀株」が急騰！	TQZI3niZ4Iw
【速報】米株の大量売り、10％暴落と歴史	FAu0gQQbH7Y
「ココ」は歴史的なチャンス？	UcSpZmhjztU
【速報】巨額な損失、円高は続く？	sg52W4B_SAQ
11兆ドルのバブル、崩れる？	PIIPzAHPXMg
買うな、３つ銘柄タイプ？	Wz5h0PCvbyk
「これ」は 50％上がる？	u0_JsVo2EpM
米国株、今年の秋は気を付けろ	czg2XhRwrzk
【速報】7月の日銀利上げ？	-xh0SLobOGk
【速報】NYダウ500ドル急騰、PPI発表	IDxC7qUYVQk
ドル円が大暴落、いつ終わる？	dflnxaZLoW0
「これ」に全力で投資します	Q1kkZ3cazjg
【速報】まもなく、米CPI発表	2gJytkH6OhA
日経平均、3年以内に６万円に上る？	8_crZKEigMU
アメリカ株、決算を警戒	EmuWUH9_uJg
【速報】日本株また下落、債券に注目？	GPgOiYq3VIM
ドル円、やっと暴落の始まり❓	exsYazMzVNg
米国株「ここ」が50％上昇する	agbY-dPeiSA
【速報】日経平均が続落、金利リスク	-oUk4deqNa8
アメリカ株、夏は危険	Xk-ofM9bHOE
【速報】日本株が転落、１兆円の売り	A-KMCGRc0mk
「これ」は２倍上がる	CksU3DKPDGY
【速報】まもなくFOMC発表！	XINHDjK8A7k
日経平均が下落、7月に3つのリスク❓	Gj7lvm8rNsI
アメリカ株、1983年以来、歴史的な上昇率	6dVnym_VjlE
大統領選、どの株を買うか❓	HGI1wKbja4Y
失敗した、新興国株に注目❓	lmGntlNi8oI
70年ぶり、スーパーバブルの終わり	sv7p2J9Fy_8
【速報】日経平均が下落、ドル円が145円突破	ROPpXQIo8Fs
7月の歴史、買う時？	wPmZAtksfJI
ドル円、150円にいくか❓	fHs8lbcAK2s
【速報】半導体株が転落、AI バブル崩壊か？	i3szC0e4dtE
Massive Short Selling	2nUaI014qd4
日本株が続落、いつ買うか❓	5sPqdsfYkvI
23%クラッシュ、ウォール街の予測	bInvbB5bvbA
もうすぐ、ドル円の大暴落	EgzEyYe8GUo
歴史的、イギリス利上げ発表	rSNdwNbVezw
米国株まだ危険、ビットコイン急騰	zU2IuIJxdb0
【速報】NYダウ500ドル急落	b53bZ7SPxWM
今は買うな	r7O6kvV2feQ
僕は、数億円の大損をした	rzON4b2Wc8c
日銀発表、もうすぐ為替介入？	Lv9Xy5xUe9c
【速報】米欧株が急落、ECB利上げ	Bn56B2NBTlQ
FRB ショック、2回利上げ	prulf4GbFXM
FOMC発表、今は強欲か❓	iCtAQzrG4LY
【速報】米国株が急騰、CPI サプライズ！	nD_HZaSvjqk
間違いをした....	7xMNtbzvkXQ
5つの経済発表、僕の準備❓	deSCiCXimw8
20％大暴落が起きる❓	7uT2ThSikVs
I'm having a baby	wzXJvt6lctI
The Dangerous Yield Curve Inversion... Actually, It's Not	VeYmJ-hBx-M
何を考えているのか....	0NRFfr1ER6Y
日経平均、まだ買うべきか❓	TEO0Lz1usIw
I'm shocked, a historic short sale	dMpOzZQJVdw
損切りしました....	M5DCyx3fbGg
今日は３つ大発表	s_KQmJBYEYg
【速報】米議会可決、この銘柄を買う❓	NXPHhBthVGQ
日経平均、暴落の始まりか❓	jSH0iDIfNgk
買うな....❓	nS2Ytc20kWo
[Breaking News] US debt ceiling agreed upon, will the market rise?	5DIjrE8O0Cg
誰も知らない、バフェット 3つ秘密❓	wIRtMuXgZRQ
みんな聞いてください	mAMPAz8Um3M
【緊急】米格下げ ＋利上げは続く❓	Y3fChZJUOCk
世界株が急落、米政府が枯渇する❓	xYmCmgSno_s
失敗しました....	B2ejDwJfR-o
銀行株、まだ超安い	7op3DLony24
米デフォルト迫る、実は買う時か❓	fU4TN55CpvY
日経平均3万円、4万円に上がる	Pp_Alc_m_MU
バフェット、日本株を買う	XHGrMOw6HtE
米CPI発表、５つの注目銘柄❓	LFqAAUBARC8
The US Default Crisis Is Looming	iOPIZe9C6Ac
最悪な歴史、5月の現象？	irSUwno5PRI
「ここ」で巨額な投げ売り？	HqIR3bPwPHY
銀行が暴落中、まもなく雇用統計の発表！	my7h27w58Ik
【緊急】アメリカ相場が混乱	RzhkZt8Waq8
US regional bank collapses, FOMC raises interest rates	XMjgqIZ_eDM
40年の現象、株は上昇する❓	ypNylBcmwQM
5 Big Announcements This Week❓	AURUMaboeD0
ちょっとみんな、聞いてください	hxX18sKNolg
日銀発表、もうすぐ利上げ？	v3I5k7r2Hj0
Bank Stocks Crashing: Is Another Lehman Moment Coming?	Fj-T9fzQDHg
米国株、クラッシュの始まりか❓	rwlEZ04YoII
「これ」は2倍上がる？	9x4qRBqGHMY
5月は危険か、Sell in May	qmXM2MZNAbw
全力で買う準備...	rX3PyWtWf4Q
大暴落が起きた......	1W5mvDzIQTo
2011年と同じ、債務危機❓	xQuF6kIvyR4
日経平均、買うチャンス❓	a2d17-MtfO4
アメリカ株、4月は上がる現象？	qEOfJa6xrL0
【重要】サプライズ利下げ、準備します	8gX65d-2_QI
Major IMF Warning	x5i8D78W8qQ
米国株、10％暴落する？	Xt5lVq3yBEs
US CPI Announcement: The Moment Everything Is Decided...	MHqPblU6CNo
今から10年間、本物のバブルが弾ける	M7xu4W-Q8wQ
これから大発表、僕の準備❓	Rl_DJwA9-58
日本株、もうすぐ買います	zKWNYOzrMrM
大失敗しました...	nAJxBJMYJLw
今年の夏、急落する…？	h2VMiebv3oM
【速報】サプライズで原油暴騰、米株下落	9R-_JN7gNB4
いよいよ、緊急発表	yrkG1Vlsph4
今、これに投資します...	T4J6ira58cA
3月末、最後に買うチャンス？	aXj-TnwXOvo
40年ぶり騰落率、ドル円ボトムか？	niqxEsSz6Dc
地獄の終わり、4月は回復か？	JabXMySEgoA
次の銀行破綻、ドイツ銀行⁉️	AcpVxhhm3Zs
2008年以来の超割安⁉️	R0fprqkQpGQ
NYダウ急落、今後は3つリスク⁉️	8nfQcbWDVlQ
FOMC、利上げ発表	rV2IQSZzFt8
大崩壊、サイクルの終わり？	RsPPOfQ3A_w
歴史的、UBSがクレディ・スイスを買収	ljF2LzBdzxA
最悪な１週間、いつボトム❓	nM73PylCoMo
サプライズ、大幅利上げ	ZLNe0qZEszw
クレディスイス、大暴落	MRRwFasa-HM
15 years later, now it's a crash	t-7lDRsBQCo
米CPI大発表？	pXxSbn8L5AQ
米銀SVB破綻、リーマンと同じ？	Kb_XXR6m9Hw
【緊急】NY株価が大暴落、雇用統計に注目！	wt2X6dPBsjY
日銀黒田、最後のショック	aoN3W_266rY
米株が急落、パウエル爆弾発言	ZvrsiREXlFw
3月は、歴史的に上がる時？	7C1v2YZGsjw
今から４つの大発表❓	K_q9JPXlNgo
厳しい10年間、本物のバブル崩壊か？	R2TAc2FXqdI
僕の投資成績を公開…	l5vzsi0yfmw
バリュー株、全部を売る❓	7RLq8EsJNjc
今から26%急落、モルガンスタンレー予測	yK9_hC_UdFk
2023年、危険は続く	FCLF_lj7IDY
世界相場が反発、内閣支持率43%に上昇	AMZVSTcZtCw
僕は初めて、日本に賭ける	n9sHTeZUuKc
リスク高まる、FOMC議事要旨	9jBI_84mjO0
米株先物が上昇、決算発表の影響	D0C_cTSRUH8
NYダウ、７００ドル急落	vUzy-iX5dSc
巨大なトラップ、８つのシグナル？	Qi7ZJtg71hc
日本が売られる理由？	kfNqEfliz_k
Wall Street's top three are wrong	AcM_fbJEeKU
ゴールドマン予測、北朝鮮ミサイル、PCE発表、日銀サプライズ	-ww0UoLUDtM
みんな聞いて、5つ注目点	dVHmHWmqtzw
急落リスクあるのか？	aAGXWweLsig
日経平均が危険…	it4CTgSTltY
【緊急】日銀、歴史的な利上げ	oEjBhq2F88E
Youtubeの終わり❓	v0L0KiAje-I
また失敗.....	u68iX5uGPuM
Global stocks plummet, China faces its biggest crisis since 1989	u_c9tWof6ts
ドル円は暴落する、30年間デフレが終わる❓	YkUnGYyRDZM
僕の大間違い.....	E9VVa8TT-QM
2020年と同じ、最強の買い時❓	dDqlrQ88dM4
US CPI Announcement, a 40-Year Shock?	GRXmU-NY9t8
米中間選挙は大落選、90年間の歴史❓	ppicYLbTPPo
全力で買う…. 7つの理由❓	b9sGS8w3SMQ
FOMC利上げ、ドル円が危険？	w_KhXdoo9eM
The dollar-yen crash will happen next year	_Ytts1rq0y0
【緊急】アメリカ新緩和の発表⁉	6P0Y2EPdLfw
36年ぶりの崩壊❓	ePpSY3mfayw
これはもう、限界か？	ws54xsDQnEs
24年ぶりの大危機です	12pzjfgzV60
1931年以来、最悪なクラッシュ？	IilH_ByMQgQ
日本の売り圧力、お金を守れ！	qAvp_8BYJck
73年ぶりの大暴落…	jfc4i_SsmQQ
恐ろしい真実を教えます……	fvZjqxkmLW0
日本のバブル崩壊、売れ？	cXS7IOfpNfs
新しい機能、人生は最初の1分で決まる…	iA8Co_w7cxg
僕の大間違い…？	8IDATwt0gKM
バブル崩壊、５つのシグナル？	OUHu98GNQNw
全て売れ？	V9D0EBl9gM4
お金を楽しく学ぶ方法、資産を増やそう❣	xJdyTf-hbAA
日銀、狂ってる？	_z_ydDTjP3c
安倍元首相への僕の想い	jJ-jPA1_3_c
FRB、恐ろしい発表です	rZGepfqaYlk
Is This a Historic Opportunity?	7zdqKj-Xsyo
日本から出る	R_CpDZj3H8I
人類史最悪のバブル崩壊...	Js_EgkU_oDw
もう手遅れだ…	uNqg9gqGtlo
歴史的なチャンス？	1p_tcrr86sA
もう、あきらめた	fHhKLP4PZ3k
もうダメだ	mI9K9XfTE6M
Is Buffett Buying Stocks Aggressively?	MZCRC7dk96Y
円安からお金を守る、ゴールド投資？	6ByBeOMY5E8
今、1番安い投資は「これ」？	3u9cEwANQl0
Time to Buy at Last?	BC9aTe-ePVE
CRASHに備える、初心者でもお金を守る方法？	nilj5H2YohA
Wall Street warns, how do I prepare?	KAzAktfi3pk
Has the market crash started again?	n1eRRVXzzIo
日本株は安い？初心者でも分かる投資戦略	8En-wQlytx0
A weak yen is unacceptable	UdQYpBeUfJQ
Bank of Japan, stop messing around	BmgIQ0P_aag
Taxes are a pain, let's change Japan	n6KZy8h9BpU
Have you given up on my Japan yet?	9MSqKLyiU_Q
今日、大暴落が起きた	BDfkwIhcsBo
巨額の損失、みんなに警告	Y9pVMOpuLMw
歴史的な爆発？	U8-aDu8Jjg4
【緊急】ロシアSWIFT除外、週末株価が急落	_jx3BxY5Uzo
クラッシュに強い銘柄？	BEhuONu46Y8
【初心者必見】暴落相場こそ投資のチャンス？	UZrf9J-zAd8
【お金を守る】インフレに対抗する方法	Tj-1EgXrRao
[The Decision-Making Illness] How to Overcome Indecisiveness	3so0jOUz4sc
A New Way to Make Money, How to Start a Side Hustle?!	YxUKOA847HU
Solving the 3 Reasons Why You're Having Financial Difficulties	yBPzjN5RW6E
3 Mindsets of the Wealthy You Need to Know (Or You’re Missing Out)	XeBxjCXnNDE
お金に対する「ダメな考え」TOP3	zsSwEoQkxig
お金に賢くなる方法？	NO38ERW5aEY
お金持ちの「本物」節約術？	wDNMBhs6P0w
この銘柄、全部売ります	98EUkwqUlmU
バブル崩壊、10の証拠？	MyIs0_DZ9bg
来年、僕の目標	6_RQjYbDLqk
2022年、クラッシュに備える	jLyGEC0kZwo
もう嫌だ、また売ります	64PQLh34OZ0
僕は怖いです	A0-eKHUJ93s
来年、危険	KB0ADhI-_CY
My 5 Strategies for a Market Crash	e3CnguI5hoo
米国株の暴落、僕はやられた。滴滴のＮＹ上場廃止	BjokgGR_ZKE
もう嫌だ、売ります	cjpUXAi-Bdk
Don't do this when you have unrealized losses	Iiof0ZIzBjE
暴落中は「これ」を絶対やらない	3VWr4c3yIOY
My money was stolen	iCo_XWu7JWM
買ってはいけないチャート②	3KpqZg4v36c
Charts you should not buy①	6i3tmUyPoy8
もうダメだ、売ります	EqGBypK8Et8
「お金を稼ぐチャート」Head & Shoulders	mVAti4tCuyY
"Money Making Chart" Breakout	nqTLsBrqrMk
インフレ危機、実は嘘です	zNSq1Uymv2g
Make Money by Posting on PostPrime!	qKum4UzT9cQ
[For Beginners] Start investing with just a few tens of thousands of yen!	tP52os0YghA
損切りの３つの方法	v4bhqkO-ebI
お金持ちになれる１０の秘訣	gwRP6N9wWGY
How to Apply as a PostPrime Creator!	n5GvnuAWM4I
【誤解するな】お金持ちになる「本当」の方法	CmlO4cQxcOw
ウォール街で戦争が起きている！　低手数料争い更に激化	osqhqMZ7xrM
世界借金バブル、日本がど真ん中！	rS4Y9FaDazk
お金に不安な人、今できることTOP3	FOBIvgPpOy4
The basics of commodity investing, easy even for beginners	l9_wKf1y1Bk
【誰でも簡単】お金を稼ぐポートフォリオ	efFoGEmmKJA
日本株、やっと買い時６つの銘柄	NDUR0hHRgWU
早期にリタイアしたいですか？「FIRE」の問題点	QIKbbpuZcfQ
Successful space travel: A historic investment opportunity? Let's make our dreams a reality, Japa...	-4HrOgQ33bQ
世界相場、8〜9月に暴落する？	ksPL9mA7TrI
ウォール街のバブル警告【真っ赤なウソ】お金は自分で管理すべき1番の理由	GFIKFwNboOQ
日本株、1番安い株は「これ」	9HWYoUQopMM
The next bubble collapse will begin "here".	WguQ96ieUu8
Global Markets: Brace Yourself for Friday	K0DjHg54vJc
Global markets are soaring, they're fakes.	-FZuS1THgmY
Will the Nikkei average soon see a major crash?	MW3bMagMHNI
The global market is in the worst state.	mUz64o6l4VU
NYダウ【緊急】450ptクラッシュ、なぜ？	l96CTzIa2hc
ウォール街パニックの始まり、FRB発表で国債急落	dMF_3xbqhAc
次の大暴落はいつ起こるか、FRBショック	dV04oD0Lsao
インフレCPI急上昇、世界相場は危険か	qpUugpkz6lg
ビットコイン絶望、日本株も危険？	nb_HkiQxkTU
ビットコイン、まだ超ヤバイ3つの理由	EGBN4k63dBI
ビットコイン最悪、2万6千ドルまで続落	nobLvKycU4M
ビットコイン、バブル崩壊、バーゲンセールだ	Ppdl8kl2KhM
ビットコイン【緊急】50％大暴落、仮想通貨の終わり	pJg2DSRpGV4
日経平均、大暴落の始まりか？	3WNYECLD0BM
バフェット株を買うな、相関係数に注目！SPAC＆ビットコイン批判	t66iQsRod0Y
【たった２日】アルケゴス爆発で200億ドル損失、「この」投資ルールを忘れるな	vF6-ggdpHh0
【初心者も簡単】長期投資と短期投資を分ける！	sgs6maXN_vo
【投資をしないと人生は損】なぜ投資をしなければならないのか？ 複利効果と投資戦略	alidHpfPj1o
[Worst Drop in 4 Years] Nikkei Plummets 1,200 Yen — The Worst Day	qjom6zsPmQk
コロナショックから１年　我々は何を学んだか？	sFa4-sbk2Lo
CFD取引とは？ 管理費用とレバレッジコントロール	etND208Kqao
【初心者もできる】海外ETFの見つけ方　インデックスファンドと比較する	UDzunedKF70
Japanese Stocks Set to Skyrocket: Foreign Investor Interest is Rising!	QxRcSmFZiTo
[Must-See for Beginners] How Many ETFs Should You Invest in for Long-Term Investing?	ESm2vtV3CGA
世界相場はメチャクチャ、大暴落は来週に起こるのか？	-WZc39WvCFo
【今買うとヤバい】バリュエーションが高すぎる銘柄？PERに注目するべきか？	s_Pc3y6d8MY
【絶対に損する】危険なトレンドETF	_SNIcVa--NE
Hedge Fund Returns Were 11% in 2020: Too Low? Is Wall Street Finished?	inXO8CwVPDE
[Easy for Anyone] Get Rich Using the Power of Compound Interest	pWRRxeEOL0k
投資初心者へ、知っておくべき5つのことはこれだ！	4eISAPhEa4U
REITs vs. Physical Real Estate: Which Should You Choose?	pkw9HxHhPbM
証券会社の選び方は商品による！	diPX1crQsso
【絶対するな】ETF投資でみんなが間違えること！管理費用と相関性に注目する！	znuQCYOXbF8
【誰でもできる】10倍株を見つける3つの投資戦略！	15Ze37wokYk
2021年、高橋ダンの目標を発表します	gknCbMWXk7o
新規上場企業(IPO)の調達額が震災以来の低水準【今があなたのチャンス】	jsGM3B2ErYo
初心者もできる、今年の投資プランの立て方	wa0pAaZzpPk
2020年の投信運用パフォーマンス、50％近くが損益マイナス！	w1YSdEBcla0
初心者もできる【数万円だけ】で簡単に投資を始められる方法	32i0GHWj87M
バンガードのグローバルETF（VXUS）1246日で連続資金流入！	qS2X9AY56Ng
[Options Basics] The difference between volatility and skew!	P1fYUdJJ-20
2021年、日本株の大規模ローテーションが始まるぞ！	hsw9leWCEm8
[Investment Basics] The Difference Between Dollar-Denominated and Yen-Denominated ETFs	eeirwZYTj4Y
日経平均、年末までに「これ」が起こる！	653UecqxqYk
【初心者でもわかる】株と債券の投資の違い	cZ2E_hkChGE
世界初の１兆ドルETF「バンガードVT」！１つのETFに集中投資は危険！	S2ACMlhHBYw
ピボットポイント分析の方法、サポートと抵抗レベルを予測する	ZEB_30X71JM
[Even beginners can understand] The basics of derivative financial products	1KbfbRoS6e8
Should You Invest in the Airbnb IPO? Outlook for the Stock?	ErtLNYsFFhM
[STAY AWAY] The Dangers of Leveraged and Inverse ETFs	hPqlQPRWBLQ
[Easy even for beginners] Build a retirement portfolio with ETF investments!	ZROfnN9bKeQ
【騙されるな】ロボアドバイザー投資をお勧めしない３つの理由！	Mw9B_d6AkHI
アメリカ株価の大暴落、また始まった？	EgvAZ4vJ7y8
損切りの3つの秘密とは？	ZGqJHXr665U
【これはマズイ？】金、銀、プラチナの大暴落、 投資で重要な教訓	ccp0X8yZ0t0
【投資の必殺技】ボリンジャーバンドの使い方？	Fj84odIyDuw
ゴールドとシルバーが急落！これからどうする？	pmSM_w20wSE
RSI でお金を稼ぐ方法？【チャートの基本】	5oe4O1a7AVk
高橋ダンの紹介 + 日常生活	G1uCIrDQpnw
【知らないと損する】交渉でお金を増やすTop5？	FfU8BfDvzk0
【初心者でもできる】債券に投資する、安全なのか？	exgot-R2XiE
【今すぐやめろ】ストレスが上がる行動Top3?	yt_Qd-x6u_s
MACDの使い方【チャートの基本】	VJu8uJPC54o
【絶対やるな】「時間の使い方」Top3⁈	rDtRqiM09RM
【英語の授業】日本人はなぜ英語が話せない？ お金と関係ある？	DmIMlajlFpc
お金を増やすETFポートフォリオ？	BPDlHt5vPqI
サラリーマンから1億円を稼ぐ方法⁉【もふもふ不動産×高橋ダン豪華コラボ】	cRs08r4tWKQ
短期投資でトレンドを見つける方法	Smb8igzd-4k
長期ポートフォリオの作り方⁈	n-y-b7U0oEY
【誤解にハマるな】投資はシャープレシオを注目？	jSNvVUXgje4
【お金の守り方】絶対にやってはいけないTop3	n68EVxe0MRo
初心者に「ヘッジ」の仕方を説明？ 　Dan Takahashi 高橋ダン	62TiWbzVbuQ
【株バブル爆発?】FRB発言で暴落が始まる?	YBuMsLcX0A8
【絶対やるな】お金の無駄遣いトップ3	HdA2g5AYLSw
日本を強くする３つの提言⁉ 【究極のアイデア!】   Dan Takahashi 高橋ダン	W2fmNKbC1hA
英語ニュースの読み方 ⁉  Dan Takahashi 高橋ダン	0_cLJxRamZc
チャートの使い方/How To Use Charts?【English&日本語】	mAhYvkZV5Uw
【食べて人生が変わる】気が触れるほど美味い！簡単TOP3⁉	4eUhp1qrJTI
投資の始め方　How To Begin Investing?	WTJ9v_36YTY
【厳禁】家でやってはいけないことTOP3 ⁉  Dan Takahashi 高橋ダン	xGqYTKKrdKs
誰もが 「お金持ち」になれる方法   How To Become a MILLIONAIRE?	M97qkVXINHA
Stock Market falling AGAIN⁉ 株が急に下落⁉【ENGLISH & 日本語】Dan Takahashi 高橋ダン	Qlux0uoERVI
自信を持てない人が「今すぐ」やるべき行動TOP3 ⁉   Dan Takahashi 高橋ダン	8jS1MmI6Hzk
The Future of Bitcoin	hQ_E-0NLwXw
Gold is the Answer?	7FOCsJzbRYc
Economy Depression? 経済は大恐慌？【ENGLISH❗  & 日本語】	E8jPSJcF36w
Property Crash? 不動産の暴落⁉【ENGLISH & 日本語】 Dan Takahashi 高橋ダン	mLNp9qFxenA
Today’s News 今日ニュースまとめ 05/05/20【ENGLISH❗& 日本語】	FldAqUb2o9U
Sell Stocks in May? 株は5月に下落?【ENGLISH❗& 日本語】Dan Takahashi 高橋ダン	BwYS83nbwBY
緊急事態, いつ終わる⁉ Dan Takahashi 高橋ダン	dIBNG49OB8U
Stock Market Crash? 日経平均の急落⁉【ENGLISH & 日本語】Dan Takahashi 高橋ダン	b3HTtWtEEjI
Invest in Oil? 原油を買う?【ENGLISH❗️& 日本語】Dan Takahashi 高橋ダン	tphZG1ngZ-E
Top 3 Stocks? 株を3つお勧め?【ENGLISH❗️& 日本語】Dan Takahashi 高橋ダン	4k1mUwfdMHY
Oil Crash?【ENGLISH & 日本語❗ 】Dan Takahashi 高橋ダン	lG5B6e5ku9I
Lockdown Ending?【ENGLISH & 日本語❗ 】Dan Takahashi 高橋ダン	h985YGDn4Qs
3 Success Secrets? 成功の3つ秘密?【ENGLISH❗️& 日本語】Dan Takahashi 高橋ダン	YJ9lLwT7AHI
Invest in Japan Stocks?【ENGLISH & 日本語❗ 】Dan Takahashi 高橋ダン	2XY01q6qC1k
Economy Crash? 経済の暴落?【ENGLISH❗️& 日本語】Dan Takahashi 高橋ダン	0ocBRi_EbFM
Softbank to Crash?【ENGLISH & 日本語❗ 】Dan Takahashi 高橋ダン	LLjQlPuTiGc
Stock Market Danger? 米株の危険?【ENGLISH❗️ & 日本語 】Dan Takahashi 高橋ダン	KvDJx1dBqys
Why is Oil Crashing⁉  原油暴落⁉   Dan Takahashi  [5 Point Summary Below❗ 5点概要は下記です❗ ]	qj7mHy6mIzI
Stock Market Retest Lows? 株価は二番底?【ENGLISH❗️ & 日本語 】Dan Takahashi 高橋ダン	IyWnW3t8Dsk
5 Traits of People who Lose Money⁉  [損する人の5つ特徴⁉]     [5 Point Summary Below❗ 5点概要は下記です❗ ]	EI8fpyC12z8
Sell Stocks Now?  株を売る?【ENGLISH & 日本語❗ 】Dan Takahashi 高橋ダン	CWvTKEYdgIM
Opportunity in Real Estate?【ENGLISH & 日本語❗ 】Dan Takahashi 高橋ダン	_rCWfGZkrw4
GDP Economy Crash? 経済GDP急落?【ENGLISH❗️ & 日本語 】Dan Takahashi 高橋ダン	bBAOOzA1OAM
Softbank going Bankrupt⁉  ソフトバンク倒産⁉ ダン高橋  Dan Takahashi [5 Point Summary Below❗ 5点概要は下記です❗ ]	M2be9UaZwRk
FX、ドル円ついに下がる？  ダン高橋  Dan Takahashi [5点概要は下記です❗ ]	5Q4hl3Zn00s
Coronovirus Recovery has Begun⁉  コロナ回復もう始まった⁉  Dan Takahashi [5 Point Summary Below❗ 5点概要は下記です❗ ]	5-yfYHJZouk
Economy GDP to Crash 25%?【ENGLISH & 日本語❗ 】Dan Takahashi 高橋ダン	NqeYfqsxubQ
株価いつまで暴騰⁉  ダン高橋   Dan Takahashi [5点概要は下記です❗ ]	UV3sWtiKi2o
World Economy Crash? 大恐慌の始まり⁈   ビデオ終わりにダンの【特殊な意見】？	7CSjk99U2Qw
日経平均また急減⁉  Dan Takahashi	sPYIporI9D0
今買う、JETS株?   Dan Takahashi 高橋ダン 04/07	G9Gjl9_ErQg
緊急事態宣言が発表、どうなる？  ダン高橋  Dan Takahashi	VakKXFW7xYg
Breaking News: OPEC delay, Crash Tomorrow? たった今、OPEC延期、明日は急減？   Dan Takahashi	zhWOQePzY5w
Dollar Yen going to Crash?【ENGLISH & 日本語❗ 】Dan Takahashi 高橋ダン	2ROCIQ3MKZA
コロナ･まもなくロックダウン封鎖⁉   Dan Takahashi	0-8fWnT9FJQ
3 Stocks to Avoid?【ENGLISH & 日本語❗ 】Dan Takahashi 高橋ダン	t0fCSlFrlsI
US Stocks Going Up from here⁉  NYダウここから上がる⁉  Dan Takahashi [5 Point Summary Below❗ 5点概要は下記です❗ ]	BqyKgvU1I3I
Oil Crash, Time to Buy⁉   原油暴落･買うチャンス⁉ Dan Takahashi [5 Point Summary Below❗ 5点概要は下記です❗ ]	o62UPa2jSoY
Japan Stocks going to Crash Again⁉  日経平均また暴落する⁉  Dan Takahashi [5 Point Summary Below❗ 5点概要は下記です❗ ]	01j1USN3-PQ
Mental Strategy for Making Money　お金を稼ぐためのメンタル戦略	kZRaYJYy97k
コロナ海外情報は危ない❗ 経済と株の影響⁉ Coronovirus, Economy and Stock Market Impact⁉ Dan Takahashi	qew1KyBVFkc
オリンピック延期・海外情報ヤバイ⁉  Dan Takahashi	jTgxQ2bdPA4
金を買うチャンス⁉  GOLD: a Chance to Buy Now⁉	wT-R1M9XvDw
6 Reasons US Stocks Going Up⁉  株･今から上がる6つ証拠⁉ Dan Takahashi [6 Point Summary Below❗ 6点概要は下記です❗ ]	HhMgeFwj5Cg
What to do when losing money⁉  含み損はどうする⁉ 高橋ダン  Dan Takahashi [4 Point Summary Below❗ 4点概要は下記です❗ ]	-LStj2ueps0
Dow Index breaking 20k, Time to Buy?  NYダウ２万以下ここが買い？	4xHGsBalWIc
税金･1億円越えると税金下がる⁉️　高橋ダン　Dan Takahashi	w-G_08uyThM
日本株の投資アイデア TOP3	h6v1RVFNamg
Emergency: US Stock Market Crashing 12％  NYダウが12％の暴落	EOF2AIPzxNs
【歴史に残る日】　FRBと日銀の大失敗	7bQIB9DvhCs
５SIGNS WORLD ECONOMY DECLINING⁉  世界経済が後退する５つの証拠	6zo57Se76Z8
NYダウ暴騰･回復が始まる？	dhN5EZDXGZA
リーマンショックがまた始まった⁉	Ma3vj0eMMto
Stock Market Crashing 9%!  NYダウ９％暴落！	CjBkBGUhxGU
3 DANGEROUS USA STOCKS❔ アメリカ株・危険な3つ銘柄⁉   Dan Takahashi    [4 Point Summary Below❗ 4点概要は下記です❗ ]	C3bE8rvs36Y
WHAT TO DO WHEN STOCK MARKETS CRASH⁉株の急減･どうすればいい⁉     [5 Point Summary Below❗ 5点概要は下記です❗ ]	AHpSdKzmZSQ
Bitcoin is a Sell?? ビットコイン売る⁉ SELL BITCOIN⁉     Dan Takahashi [3 Point Summary Below❗ 3点概要は下記です❗ ]	IqERPwraRFc
ECONOMIC RECESSION ⁉ 日本経済は景気後退⁉	sB1l9yJV4Yg
BUY JAPANESE STOCKS ⁉  日経平均を買う⁉   高橋ダン Dan Takahashi  [3 Point Summary Below❗ 3点概要は下記です❗ ]	Z4Kxu9YJhUo
3 STRATEGIES for STOCK MARKET CRASH!   クラッシュ時の投資戦略	tTM5hoHy45s
株を買うチャンスは今⁉  高橋ダン Dan Takahashi	PY7JIJogxuk
オリンピックが中止⁉ 　6つのポイントで解説	P4f4izZKxyc
日経平均の次はドル円が暴落⁉️	B_gU54-YEB0
株が暴落する前に売る３つの理由！	qrM-lAOQRe0
起業家がビジネスで成功するための５つの秘密	E4nBO5CpLw8
金融危機が既に始まったと言える３つの理由  3 REASONS JAPAN FINANCIAL CRISIS IS COMING!!	jPOXUILGFas
新型コロナ海外情報は危険！！	KhXZl3_KQAo
日経平均がヤバい４つの理由	DHFvHiUQsk4
アップル株下落で株を売るべき３つの理由	XE99Pk1gR8U
たった10分で「7億円」を損した最悪の日😱	sZexQsXhxt0
日本のGDPが6.3%急減、３つのポイントで解説	S9tmQaTyjNo
投資で成功するための２つの秘密	PkuREBNXg98
ビットコイン買う理由、それといつ売る⁉️   高橋ダン   Dan Takahashi   [ bitcoin 株  投資  FX 経済  政治  金融  ビジネス  不動産  社会 社長 ]	WPWJewf7o9I
リーマンショックを台風の目で経験‼️    高橋ダン   Dan Takahashi  ダン  Zeppy	z-TNkYVTDbA
コロナウイルス影響で株まだ売る‼️  高橋ダン   Dan Takahashi Zeppy [ 株  投資  FX 経済  政治  金融  ビジネス  不動産  社会 社長 ]	eeDfcNSRA8w
MACDの分析方法　3つのポイントで解説	xy_whFZUyKU
日銀は爆発する理由‼️  ダン高橋　Dan Takahashi  高橋ダン  Zeppy [ 株  投資  FX 経済  政治  金融  ビジネス  不動産  社会 ]	GNHFO0gaYVM
投資信託って何？　投信の定義と使い方	l_A0-RiaYD0
株とNYダウを売る‼️ Dan Takahashi  高橋ダン Zeppy	vxDqaYWLHO8
コロナウイルス影響で銅を売る４つの理由！ ダン高橋  Dan Takahashi  Zeppy	cTbYaZQNjpA
プラチナをまだ買う２つの理由‼️   ダン高橋    Dan Takahashi  ニュース:  経済、投資、社会、金融、教育、ビジネス, 株,  為替, 市場, お金, 政治, 取引  ZEPPY	8YSd1w6WK5o
ビットコインを今買うべき３つの理由	-N8STmnOa3I
コロナ影響でアメリカ株まだ売る‼️   ダン高橋    Dan Takahashi 高橋ダン Zeppy	RtVuwmG2cNU
投資で利益を出す５つのルール	iyxtg4ajyc8
コロナウイルスで株を売る‼️   ダン高橋    Dan Takahashi  高橋ダン Zeppy	2W2cCBzIweI
円の為替を買うのは今か？⁉️　ダン高橋    Dan Takahashi  ニュース:  経済、投資、社会、金融、教育、ビジネス, 株,  為替, 市場, お金, 政治	VNQbOnJPoeM
コロナウイルスの更新情報アップデート！   ダン高橋    Dan Takahashi 高橋ダン Zeppy	0FBJXnsVt8k
なぜ富の格差は拡大しているのですか?   ダン高橋    Dan Takahashi   ニュース:  経済、投資、社会、金融、教育、ビジネス, 株,  為替, 市場, お金, 政治	Iqkm0jkNEbM
インドネシアのルピアを買ういいチャンス‼️     ダン高橋       Dan Takahashi   ニュース:  経済、投資、社会、金融、教育、ビジネス, 株,  為替, 市場, お金, 政治	vq9BEqVzeG8
Dont Trust Central Bank Currency!  Dan Takahashi Todays 5min News	BXOyCTDx3co
中銀通貨を信用するな ‼️  ダン高橋  Dan Takahashi   ニュース:  経済、投資、社会、金融、教育、ビジネス, 株,  為替, 市場, お金, 政治	6RWLc1iKZFg
中国ウイルス発生?‼️  ダン高橋  Dan Takahashi  ニュース: 経済、投資、社会、金融、教育、ビジネス, 株,  為替, 市場, お金, 政治, ウイルス	rrj8PWFbiX4
日本の未来は大丈夫⁉️ ダン高橋  Dan Takahashi   ニュース: 経済、投資、社会、金融、教育、ビジネス	WHCz_t6PUAo
日本人の若者がもっと必要！	zg-b54S-tmk
Lehman shock experience リーマンショックの経験	6MBB8gpazQU
オーストラリアにてゲストスピーカー！	tR2B--FJH3I
某メディア関係者にSNSについて意見を聞いてみた！	BFxwIZAUTEM
