German Rearmament And The Economic Miracle	rqlDPfdXQOk
Has Inequality Ever Been Worse?	G2b0JOgLpeg
Finally a Country Is Taxing Its Billionaires	jknb1YE6zdY
Economics Is A Junk Science	TsfsoaNFyTQ
Why New Zealand Is the Only Safe Haven Left	4kSd7zyXGo0
Unfortunately, AI Might Be Turning Us Into Peasants	i_kzsY5Msbw
Almost No One Realizes This About AI Data Centers	iI3tT6CCVH8
How Kim Jong Un "Accidentally" Fixed North Korea's Economy	-OI7CL_kyUo
The End Game of UK Economics	RYdGEYkYCQ4
Where Has Venezuela's Oil Gone?	PRJra_9RLf0
Cuba Was Barely Holding On… And Then The Oil Ran Out	72pGczK3j7s
Why Is the World In So Much Debt	b665H_Tywg0
How Has Nepal Been Going?	Efwafl87Yb8
The Economy Gave Up On Young People ... It's Starting To Show	J9PzjUlyzAY
How AI Will Play Out, Explained	Figev-6iaE0
Iran's Economy Was Collapsing … And Then The War Started	6gSfq7kGZhE
Get Rich Or Die Tryin' ... Literally	JwklXWLy2UA
Dubai Was An Economic Miracle, Then They Got Bombed	OkiZE8n5Jdo
No One Is Talking About the "Winners" of the Iran War	rId69udDbwM
Why Are Countries Abandoning OPEC?	wDAY1NNFtTg
The Iran War Looks Very Different from Europe	vhD3IEpIAAk
Does Taiwan Have Dutch Disease?	3xWGfniQMdQ
Uruguay Has No Resources, But They're Rich	qDVPFAuBSXw
MIT Just Found The Cause Of The AI Bubble	1zlD0K09IKE
How to Rebuild an Economy	01f3r_DnOPc
Why $129,000 Is the New Poor	0B4tgG-CGXU
What Happens When No One Wants to Trade With You?	5xEX3LyIp04
Has the World Become Uninsurable?	Gi1zk8rLqNI
Finland's Happy Little Economic Crisis	Nb9uJD-XDVQ
How Economics Has Changed Dating	fhErhFyyCno
Did Pensions Destroy France?	Cj_a4REfBxU
How Much Does Clickbait Cost the Global Economy?	pMqyg1cDk9I
Why Essential Workers Are Going Extinct	gjq024RqV3o
The Simple Genius of Morocco's Economic Rise	4YHuaa8Jr2A
The Degrowth Paradox	xSo_jDhKItU
Did China Just Drop The Ball On Global Dominance?	lDqYA11oA9w
A Short Story About Why You Cannot Buy A House	xpEBcSE9Ipc
The $400 Trillion Problem No One Wants to Talk About	0zGzWrin00w
The 2025 Nobel Prize in Economics: Explained	u4hZAMp25s4
Why Everyone is Leaving New Zealand	F_VUBpALcVE
Stagflation	x-Q47erm5MI
What Happens When Capitalism Doesn't Need Workers Anymore?	yhpyHV1iz00
Is The Survival of Humanity Economically Viable?	mzSEVfp9TZk
Why do We Still Need to Work?	6KXZP-Deel4
Is the US Central Bank Losing Its Independence?	ze-pX3L1EQ8
Iran's Economic Dilemma	yc-jai0uObc
Have Europe's Great Powers Given Up?	Q093qpGLRkE
China’s Debt Problem Is 300% Bigger Than America’s	LygiZAFZ86Y
Denmark Should Not be Rich	jgCMmIZBaxU
Why Trillions of Foreign Aid Hasn’t Solved Poverty	cFRTviAVthU
How Malaysia Is Becoming Asia’s Most Strategic Economy	-LTwiOCeISI
Is This the Recession the US Needs to Have?	NxCfacrnbFU
Are Boomers The Most Selfish Generation In History?	7WTW21vv0pQ
Why California’s Economy Looks Broken (But Isn’t)	O4U1y5ymEEc
Everything You Need to Know About China’s Ruthless Economy	GK4cVoqVQsk
Is the Australian Economy Doomed?	csaw0f8PKBE
How Poland Quietly Became Europe’s Rising Power	1f2yeAcbpvU
How The Finance Industry Destroys Economies	fIsQHkTLlxY
The Problem With Trying to Run Government Like a Business	8-FqY1q60EQ
Why a Sovereign Wealth Fund Won't Save America	_H-BdraGuy4
Revenge of the BRICS	HrgQxpxh1m8
How Has Canada Been Going?	bG6-JX_iYQM
The Rise and Fall of the USA?! (Official Trailer) | A Curiosity Stream Original	nf6UIJk1NOI
The Anatomy of a Failed Economy	1EkIpMkCVwk
Why Greenland's Tiny Economy Matters to Superpowers	1KpjV-p59k8
Has Japan Mastered Economic Stagnation?	CF4qM429Brk
Can Tariffs Actually Work?	K0V8kZyl1T0
How Massachusetts Became the Richest State in the USA	TBAlPuwIlNM
How has Sri Lanka Been Going?	zqeaauoiK6k
How Europe Sabotaged Its Own Economy	Y8tzMOzTTFQ
The End of South Korea's Economic Miracle	3M690082Y0s
How Iceland Lost 50% of Its GDP... And Recovered	M2LrHMKFcdU
1 Year Later: How Has Argentina Been Going?	VX7rws4lPg8
Why Does The US Import Oil When They Produce So Much?	evIAnt5mNGI
How Africa’s Biggest Economy Lost 50% of Its GDP	FThf9X-pwQs
How Chile's Economy Was Sold to The Highest Bidder	BLH6Z1-t5e0
The 2024 Nobel Prize in Economics: Explained	P60TX-dwd4s
Why Paying People to Have Babies is a Billion-Dollar Mistake	V4hL-yJN6eY
The Broken Economy of Washington DC	3DG5xiv4I1w
How Elections Ruin Economies (Explained by an Economist)	KC3pxFcdGFg
Egypt's Massive Potential, Wasted	DCkOvmVxWcw
Does Switzerland Deserve to Be the Richest Economy in the World?	TuadTdhmne0
Alaska Is Losing Its Oil, Now What?	Dx_C1fOT4gQ
How Chinese Industry Got Too Good, Too Fast	EdlKQ6sSb_o
Has The Gulf's Mega Finance Experiment Now Failed?	bxvHAaa9PKA
The Strange Success Story of Thailand’s Economy	U4jqQ6RTWNg
How Venezuela's Economy Became a Disaster	-tmixPEOMIA
War, Divide and… Thrive? Bosnia's Wild Economic Journey	XkE9cunv62E
Spain Was a Warning	k4Tw-vJBzMo
Why Brazil Isn't a Superpower (but Should be!)	PaHKRBGT_6A
Do The Olympics Predict Economic Disaster?	98bIRV-jzMs
Why Hawaii became a State for The Rich Only	6Su-5dq-MYg
How a New Type of Immigration Is Radically Changing Portugal’s Economy	GY7HTeTWleY
Is Ireland's Economy a Scam?	PWCxj__3Xx4
Could The Philippines Predict Our Next Decade?	tEVAYEtHlHk
What Makes The Netherlands So Special?	A2tS83sGx40
How Has Turkey Been Going?	aEirB081k1A
Why Is This State the Way That It Is?	qcea8YFFzh0
Why Ships Got So Insanely Big	NZXmd2Jxpx4
How Strong Is India's Economy?	6UYK0ayEW08
Bangladesh Could Become Asia's Strongest Economy	Y6-I5BHsEck
Is the European Union Worth It?	9uHsgRoNVX8
Why We Can’t Just Stop Oil	CKLx3J7U6_Q
USA Outgrows China… Because of Florida?	7Ody9AGVuQ8
Germany's Unexpected Economic Crisis	nK5atJjdf08
MIT Study Reveals Why Africa Is Still Poor	1k8TXQWVsoI
Why Canada Can't Solve Its Population Problem with Immigration	CxmH4OLNM4c
Why Eritrea Might Be The Worst Economy In The World	Z446bPzkt4c
Why Every Country Ends up Capitalist	C1Gs0uqqggc
Something Terrible Is Happening in France | Economics Explained	oUVrVEviaHo
The Rather Pathetic Economy of the Roman Empire	eNX4upLN2JY
Davos Uncovered: Do We Need the World Economic Forum?	9wYsT1U2jCQ
Reuniting North and South Korea Would Be Almost Impossible	mhYMgYF5hWY
Japan’s Rise and Fall... And Rise Again?	N1dAM2rPtKo
Texas Will Not Be the Next California	E8AI206QlN0
Australia Should Be a Failure. Why Isn't It?	QByN_XJIn8s
The Economy of the UK Is in Serious Trouble	VUnAr0Msx9c
Is Greece Suddenly Doing Really Well?	aPnu-VPvgb4
The Incredible Economy of New York City	KtcNX1qaQ3Q
The Devastating Consequences of Mixing Economics & Politics	onEdA8OV9po
Something Terrible Is Happening in Italy	mcsAO9AYc0c
The Overhyped Economy of Bhutan	a88l92ntAOM
The Surprising Benefits of Corruption in the Economy	s4C1xiyGaGs
Did the Perfect Economy Just Get Better?	krG2eWW4n5A
How Bad Economics Killed Millions	JbZW_FU2K-A
The Controversial 2023 Nobel Prize Explained	iz3HRqg6Q4A
Why Argentina Is Doomed to Fail Over and Over Again	Q3Wbmzphszo
China’s Crumbling Economic Story	EgeV0n9L2es
Could Poland Become The Next Germany? 🇵🇱	p9Tnjr3Lluk
This Tiny Country Built the Laziest Economy in the World	sQGb6pmrxwg
Can Russia Recover Like Germany Did After World War II?	2CspktWmyLk
Why Is Everyone Getting Involved in the Niger? | Economics Explained	zcBZaVOo0iQ
The $6.5 Trillion Dollar Problem Nobody Notices	IiPdbkAbD3A
Why Top Investors Are Betting Against the USA	WU4cPNC_JFE
Will Life on Mars Ever Be Economically Viable?	qTulYqP6vkI
Why Saudi Arabia Pours Billions Into Sport Stars (And It Makes Sense)	y4vOuRv9jyA
Something Weird Is Happening in California	VRPjLSobdJY
How Singapore Got Crazy Rich, Crazy Fast	KB1vxqD0uPE
How Do We Test Capitalism vs Communism?	6OTPa66ytm0
The Game Theory of Military Spending | Economics Explained	Vg9Aiz2piew
Should the USA Shut Off to Save Its Economy?	mWk-5TvzQSU
Skills Wars Are the New Trade Wars	pynhu7kY480
Why Is Indonesia One of the Fastest Growing Economies in the World? 🇮🇩	E_M1pX1EeHo
Taiwan Is More Than Microchips and Tensions With China | Economics Explained	pvqkehKfQsg
Why Inequality Starts Becoming a Problem Now	BtVNO0H7yLU
Mexico Will Not Be the Next China 🇲🇽	dr5z2WvEXBI
What Everyone Gets Wrong About Global Debt | Economics Explained	IAqj30s4lH8
How Does Finland Redefine Economic Success? 🇫🇮	hl-woY7mQVg
Why Is Europe Always Lagging Behind the US?	tsahMxXdW30
The World’s Smallest Economy Is Disappearing | Economics Explained	CqtPo9lYOiE
Why More Education Is Not Always Better	r5sw-6lJmTA
The Big Problem Behind Shrinking Cities	qJbIlaqTMT0
The World's Most Dangerous Economy: Somalia	UkkJuqTbLIU
Don’t Underestimate the German Economy 🇩🇪	XXI6AoOGEmU
The Inequality Problem Nobody Likes To Talk About	QaL-ocOtooM
Should We Be Worried About The BRICS?	wBjmgkeit6I
Do We Need To Have More Children?	A-PFgCM4jwM
Iran's Economy Could Be Huge, But They Don't Care 🇮🇷	OG35eaXdl7A
Lebanon Lost 50% of Its Economy in 2 Years	tW6aT_nzl6Q
Capitalism Doesn't Need Consumers Anymore...	XySs_KgzyDc
Why Nations Fail? | Economics Explained	IAHUFleQBZI
How Israel Got So Rich While Surrounded By Enemies	bnvj1-3hIoo
The biggest myths about economics, debunked | Economics Explained	zOYLiTj4vag
How Has France Been Going?	AcG44jDBt9M
Is South Korea's Economic Bubble About to Burst? | Economics Explained	0yNot060rHM
Will The EU Fail? | Economics Explained	ds5FVrT5udw
Do Bank Failures Always Cause Recessions? | Economics Explained	mCjRbHL3cOs
How Zimbabwe's Lithium Export Ban Can Transform it into Africa's Next Superpower	geptr8DRNxs
The Economic Megathreats That the World Has No Answers To | Economics Explained with Dr. Roubini	XmxRR3ZG02M
Why Is Luxembourg The Richest Country In Europe? | Economics Explained	LKPQHHCcRA0
The Failing Economy of Pakistan | Economics Explained	W1OxR7Dd5wA
The Tragic Reality of Brain Drain on Poor Countries | Economics Explained	YYvLEbC3kn8
What Is The Most Equal Country on Earth?	Zwn6fqbNRLo
Did Washing Machines Change The Global Economy More Than The Internet?	_gvsz_vc7B0
Why Canada Is Banning Foreigners From Buying Homes	ROHl9bxubgc
The World's Poorest Country is Sitting on $24 Trillion	whfzA0A2xLg
The Brutal Economics of Migrant Labour	yfpDLun7DrM
The Failing Economy of Sri Lanka	LXxC8ni4fsc
What Would Happen if China's Economy Collapses?	ZFls7absdbs
Is There a Better Economic System than Capitalism?	tJwQej0el5s
How the World's Richest Country Lost 90% of its GDP	Fe88ckTWyTU
Is Inflation Finally Coming To an End?  | Economics Explained	C1X36Iih_SA
Does China Lie About Its Economic Statistics?	QxHMixhJPHA
Why The 2022 Nobel Prize For Economics Is Making People So Angry	8yv0JwKdMrs
This One Country Doesn't Have an Inflation Problem	L92eadRu6zE
What Would The American Economy Look Like If COVID Never Happened?	1XocjChs4g4
2 Million Subscriber Thank You Video	iqbpaP4rDjI
Is the UK Economy on the Brink of Collapse?	VL249mkXCog
Why The Gulf States Need To Keep Building Big Dumb Mega Projects | Economics Explained	pnrAxfzHElo
India Will Not Be The Next China	mtvmqI0PV2M
An Honest Discussion About A Universal Basic Income	wMGAt4EC77w
No. China Is Not Going To Collapse... Yet	V30VyMMce9s
Limitless Growth Is Possible If We Run Our Economies Correctly | Economics Explained	yxsLrteNl0E
Could China's Currency Be The New World Reserve? | Economics Explained	hBBIH67TCBg
The Stagnating Economy of Canada | Economics Explained	GtksJpfoM_g
Are We Stuck Between Hyperinflation And A Recession? | Economics Explained	9Mjx5ooGm6U
China's Major Tax Problem | Economics Explained	qMaWegICQHA
Young Generations Are Now Poorer Than Their Parents And It's Changing Our Economies	PkJlTKUaF3Q
The Economy of Ukraine: Before and After | Economics Explained	zCt-jsnUnXo
Was Dropping The Gold Standard A Mistake? | Economics Explained	S-6WNmL26wE
The Recession We Need To Have | Economics Explained	mEpgo14jwSk
Do Sanctions Work? | Economics Explained	zrK2B2yMPrA
The Rather Pathetic Economy of Russia | Economics Explained	ZAMz5kgb7V4
How The Economy Of Japan Could Predict The Next Decade | Economics Explained	rag4pHU7fcU
Is A Stock Market Crash an Overdue Reality Check? | Economics Explained	BHHBP9TUEoQ
Why Türkiye Is Not Fixing It's Hyperinflation Problem | Economics Explained	O4stI2TVPIc
How is "Transitory" Inflation Going? | Economics Explained	L0pTrNEQ-JU
Are Economists Too Pessimistic? | Economics Explained	ekoObpuMF9U
China Has A Debt Problem Three Times Larger Than Evergrande | Economics Explained	ITvXlax4ZXk
MIT Has Predicted that Society Will Collapse in 2040 | Economics Explained	kVOTPAxrrP4
How Has Brexit Been Going? | Economics Explained	P0G3lYTOI0Q
The 2021 Nobel Prize in Economics, Explained	8BqLnRGOyDo
China’s Blackouts Are Shining Light On A New Problem | Economics Explained	dcIQdlud88c
Inflation Is Driving Secondhand Markets Out Of Control, Here’s Why | Economics Explained	mn6NwCvFIaA
The "Dirty" Economy Of Australia	_ohj_pOjp6U
Why You Should Be Worried About China's Debt Crisis | Economics Explained	lbH_8Nj51HU
8 Months of Stimulus Just Unraveled | Economics Explained	qEgpPJgaJng
The Troubled Economy of El Salvador | Economics Explained	45jjg5RqV5U
The Economy of Spain | Economics Explained	heCsx4t_K08
The Great Labor Shortage Crisis | Economics Explained	vQJ1wSQAHSI
Why Housing May Never Be Affordable Again	nUFZ1_fC3Kw
Why Silicon Valley and Shenzhen Have Exactly The Opposite Problem | Economics Explained	ydeuxF0AkR8
Hyperinflation is Already Here – You Just Haven't Realised It Yet | Economics Explained	1HmGLV46L60
How The Suez Crisis Might Give Rise To A New Industry | Economics Explained	olhL0X2oQTM
Why The NFT Market Is Not As Crazy As You Think	UpXCUEOcyNs
Why Are Modern Supply Chains So Needlessly Complex? | Economics Explained	DxELVyTyrtw
The Turbulent Economics of the Airline Industry | Economics Explained	Dba1RqmzOjo
Iceland's Story from Financial Crisis to Prosperity | Economics Explained	FwHEjefqsKM
The Economics of Hollywood | Economics Explained	hm4y8uqfu7I
The "Perfect" Little Economy of New Zealand | Economics Explained	TlhUMFOBZHU
Why Can't You Buy Anything Anymore? Well It's Not All The Virus' Fault  | Economics Explained	HUYVN7KIYCE
How To Solve Poverty In China	951bnXEf6ss
The Faltering Economy of Argentina | Economics Explained	brW6-fbvmsQ
The Worst Mistakes Economics Explained Made in 2020 | Economics Explained	NgeswlEKB20
Why Would Amazon Want to Buy The Nation of Cyprus? & Could it Actually Do It? | Economics Explained	lwYOJLGw-Mw
The Economy of Cyberpunk 2077: A Game of Cautionary Tales (And Bugs) | Economics Explained	0-uVse_LDSI
How Ireland Became 2020's Fastest Growing Economy | Economics Explained	MsBbOaBcBfw
Why This Billionaire Wants To Give Every Baby $6,750 to Solve The Retirement Crisis?	o9XHKc22wGk
Is the Fourth Industrial Revolution Worth the Hype? | Economics Explained	LvpjwHT7o4I
What is "The Great Reset" & Why are People So Worried About It? | Economics Explained	0mpsro3s5pI
Why are Billions of Dollars Worth of Ships Being Intentionally Destroyed? | Economics Explained	qo-2gDg-37w
Can Presidents "Make or Break" an Economy?	N8IRKo7jVtg
How The Dutch Economy Shows We Can't Reduce Wealth Inequality With Taxes | Economics Explained	Ot4qdCs54ZE
How to Invest In Chinese Stock Markets (And Why You Absolutely Should Not!) | Economics Explained	Qsrt6Hultj8
The Economy of Texas | Economics Explained	D3Z1urH2OhQ
Why the Stock Market is at an All Time High... Again?! | Economics Explained	Ba2dJXeop8U
Could America Finally Win the War On Drugs?	aiOLkRRyrIo
Does Tesla Deserve to be The World's Most Valuable Automaker? | Economics Explained	OEIy7timrRY
The "Evolving" Economy of Kazakhstan | Economics Explained	uz4QaFHFo1A
The Economic Policies of the 2020 Election - Trump v. Biden  | Economics Explained	Wfun5G0pDos
The Pokémon Card Price Boom | Economics Explained	qbfGPo_IUyc
The 2020 Nobel Prize in Economics: Explained  | Economics Explained	R_wxk7Ihyok
Here's Why Supply and Demand is Overrated! | Economics Explained	A-I4Vsl-AEg
The Growing Generational Wealth Gap	XLU3yqQpI78
The Shifting Economics of California	p2IVj_T6y84
Why Unprofitable Companies Are Winning in 2020	N3LumSN26Ew
Are the "Extreme" Economic Systems Totally Pointless?	6eL2Bq-U7GQ
The Economics of the Prison Industrial Complex	No7HGqJz9Wg
Is Hyperinflation Coming?	r7GzaLROW0E
The Economy of Taiwan	m2ItyqNiYuo
Why GDP Is Overrated & Nobody Should Care About It!	fn39vHu0tm8
What is the FIRE Movement? Could it be Hurting Our Economy?	AqSExy3HBm0
Why is Working Harder Making Us Poorer?	hD784CHYhGM
Why You Should Be Very Afraid Of A K-shaped Recovery	G-Rp6bGORc8
The Most Important Economic Schools of Thought | Economics Explained	o6UXRZ2XwgU
The Multi-Billion Dollar Industry You've Never Heard Of	zbuZFpuRUb0
Vietnam: The Economy of the Next Decade?	TeZNLanfkHo
Why Does China Manipulate its own Currency?	ezY33u8V8V8
The Student Debt Crisis: Explained	Rqv0nuP4OAU
Emergency PSA - The End of YouTube in Australia	zj2r948rUkQ
Why Becoming A Cashless Society Is A Terrible Idea	7XtafuTCWQ0
Here's Why The Stock Market Is At An All-Time High	5sPlNsESRs0
Do We Need to Work 40 Hours a Week?	rVAJC2FMyuY
The Biggest Wealth Transfer in History is Upon Us	iNlBizfi-jM
How the U.S. Economy Just Lost 33% of its Value	Im0rzTWplwU
The Economy of Ancient Egypt	0Gpo8wKLw6Y
Why 40,000 People Die for Every 1% Increase in Unemployment - The Big Short	_XgU6ZT1QDk
Black Market Economics - What Drives the Underground Economy?	wDzZD_YF_Wk
The Weird and Wonderful Economy of Vatican City	7ko3LPb9Mxo
What Would a Thanos Snap do to the Economy?	_h_sWNsGssg
Can Saving Too Much Money Cause a Recession?	WNmn7HQ63jU
Is Wealth Inequality Actually a Problem?	swOpLpZaA78
Could The Whole World Use Just One Currency?	PZ8-vtR5jng
Adam Smith: The Grandfather Of Economics	NqUSDi-mvqw
Why Are Cold Countries Richer Than Hot Countries?	lmrra8i4hZY
Why Amazon is Begging For Regulations: The Twisted Economics of Amazon	KPGZgujnVek
The History of Global Banking: A Broken System?	aIQY44LCIjc
Why Game Theory is Not About Competition	oJ8JU1O4I48
Why Australia is Actually an American Company	Xq8H0GHU8AQ
The Unstoppable Economy Of Hong Kong: The Land Of Billionaires	evzbiHSrQ5g
The Economy Of France: How The French Set Global Economic Trends	4GmwZVknnCg
Do We Actually Need Taxes?	xfmUrw0gDiU
The Economics Of The Art Market: Why This Painting Isn't Worth $450 Million	V5sOuET8UWA
The Wild Economy of Brazil	WFQjUYGHMc4
The Mighty Economy of Liechtenstein	ld2wZCC2rVs
Hedge Funds Explained: Why Hedge Funds Aren’t Really Hedged	Yygwaln14sU
Do We Actually Need Recessions?	X2c_7dU8shQ
The Economics of China’s Enormous Belt & Road Initiative	9ZgNwysabko
The Economics of Stimulus Packages	I2tuh_Pfknk
Money Laundering: A How To Guide For The Modern Global Billionaire	ZmEvAk5LRko
The Economics of Real Estate	f4o9aPFI3I0
Can a New Leader Save North Korea's Economy?	mRyi4xNi__k
The Economy of Ancient Rome	XMYruhJb8e0
Negative Oil Prices: Explained	YGDQzORZ4NM
Do We Actually Need Debt?	hlqAM76qq6U
Why China Will be the Big Winner of the 2020 Crisis	b07eafPe7pY
Why is the Stock Market Still Rising?	FFROyTMgr-s
Does War Make Us Richer? | Economics Explained	GNDcfzNDtjg
Can an Economy Grow Forever?	5iqjUt1I0VU
Modern Monetary Theory: How it Could Answer All Of Our Economic Problems	N8HOWh8HPTo
The Economy of Cuba	uzvcztUmMwA
Will This be the Next Great Depression?	jQ_Z-wZK5ps
The Economics of Saudi Aramco: The Most Valuable Company in History?	vvZHjIaau4Y
How To Fix an Economic Crisis	46XGS6S9qfM
The Economy of Italy	p-XV2XRsu7E
The Economy of the United Arab Emirates	QP-eJRMrnBg
The Economy of Mexico	LDxhlyg0YFs
How To Make Space Travel Economically Viable	VzcNPKTrC90
The Economy of South Korea	jRzysFhyZ8Y
The Economics of the Dutch East India Company	hjVFwqM7xuo
The Economy of Greece	BvuQD6SUTdc
The Age Of Trillion Dollar Mega-Corporations	Vnsr8f9nJd4
The Modern Economics of the USA: The Land of Debt & Demand	5B0Sc52jLxg
The Economics of Brexit	NoYSCeHmaQw
The Economy of the Philippines	B8aV--1TMpQ
The Ranks of Global Billionaires: Not All Billionaires Are Made Equal	0MeRN7LE1LQ
The Economy of Modern Day China	JNhsB0h7gZc
The Economics of Disasters	mU6pHvpc3TY
The Economy of the Soviet Union	S3Jkqqlpibo
The Economy of Entropia Universe - The Real Cash Video Game	PjhHazg5GRY
The Economy of South Africa	uL4GSQbou6k
The Economy of Iran	bebqpN2niFc
The Economy of Sweden	2E0dWHCnic8
The Economy of Communist China	YtzFn73sYmU
The Economy of Germany	TzheqMtbEWY
The Economy of The Star Wars Galaxy	zR1wh0lh0J8
Economcs Explained Mistakes of 2019	dSoCQmSpF2U
The Christmas Crash of 2018	fD-k7xmuGnU
The Historic Economy of China	Vi-U9wfa3CE
The Economy Of The North Pole	KNMxn_Inl9o
The Modern Economy of Russia	6wBvG533K8A
The Economy of The United Kingdom	Ag5XmYWJ3mI
The Economy of The U.S.A (Part 2): The Modern Global Empire	kBeWuIEKsn0
The Netherlands: Worlds Biggest Tax Haven?	i0FOUR5x5Rg
The Monolithic Economy of The U.S.A	ZsaZnl-vWyQ
High Frequency Trading (HFTs): Explained	oUVchh37AO8
The Harsh Economics of Climate Change	5nGYkH9ifzM
The Economic Powerhouse of Singapore	aKuNk5ZRzLg
The Economic Failure of Venezuela	7_mThYXDr_s
The Remarkable Economy of Canada	uRnIHyI02EU
Negative Interest Rates: Explained	sLWulVrQvsY
The Economics of Donald Trump	g9ffSJHEe0A
The Economy of Westeros	d0-Ptm6TL1U
The Economics of Bitcoin	KEgOmklwjfQ
The Economics of Foreign Exchange	ig_EO805rpA
The Economics of Andrew Yang	M3uVBspcZUc
Switzerland: The Land of the Rich & Home of the Bank?	-627kxtzyak
The Economy of Runescape	DRQQ8FzdTMI
India: The Next Economic Superpower	P0O8jrbB6xg
The Pathetic Economy Of North Korea	5-fYte8dE2M
The Crazy Economy of Monaco	8iQdzsnnUbk
The Bitter Economics of MLM	inPcztqj9RE
The Economics of Star Citizen In 2020	VU0jxPZpAO8
The World's Top Economies in 9 Minutes	58UW_MBgb4M
The Economy of EVE Online (Part 3): Mega Projects	YUNYQl0hlyk
Japan: The Fading Economy	ErUQnd-YFGg
The Economy of EVE Online (Part 2): The Robot Problem	dQRzr2zU2Xw
The Economy of EVE Online	nrW6p5ns8K8
How This Man Profited $1 Billion Betting on Hong Kong Horse Races	efBG1YfuNhg
The Economics of Poverty	SSGb7DOSPVE
The Economics of Automation: What Does Our Machine Future Look Like?	Gc_nLK4ji_k
Australians are the Richest People in the World?	INQQdY0SzW4
Norway: Is It The Perfect Economy?	hKGwGAHznFQ
