title,len,structure,hooks,emotion,signature
The US Central Bank is Going Extreme!,31,exclamation,,,
USD/JPY Plunge: Time to Buy Tech Stocks,33,assertion,,,
My Top 3 Picks,11,assertion,first_person,,
Buying,6,assertion,,,
Has the AI Cycle Peaked?,20,question,,,
Yen Appreciation from Currency Intervention and SpaceX Earnings Announcement,68,assertion,,,
"Nikkei Stock Average, Risk of Sharp Decline",37,assertion,,,
Are Tech Stocks Undervalued?,25,question,,,
Predicting the Next Drop in US Stocks,31,assertion,,,
半導体株の暴落,7,assertion,,crisis,
7 Charts to Watch After NVIDIA Earnings,33,assertion,,,
Nvidia's earnings report is coming soon.,35,assertion,,,
US stocks beginning to decline?,27,question,,,
Will you sell in May?,17,question,,,
Is this the peak of the bubble?,25,question,,crisis,
買う時なのか？,7,question,,,
Zen and meditation for a comfortable life [Guest: Akasaka Yogetsu #4],59,assertion,,,
"Even ""anger"" changes over time [Guest: Akasaka Yogetsu #3]",50,assertion,,,
The true nature of this world revealed by the sky [Guest: Akasaka Yogetsu #2],64,assertion,,,
10 charts to watch now,18,assertion,,,
Beatboxer Monk Spreads His Wings on the Path of Zen [Guest: Akasaka Yogetsu #1],66,assertion,,,
Iran War,7,assertion,,,
Is blood sugar the cause of poor blood sugar levels? [Guest: Okashiro Miyuki #4],67,question,,,
The beginning of a crash?,21,question,,crisis,
Blood sugar imbalances that are overlooked [Guest: Miyuki Okashiro #3],61,assertion,,,
Why blood sugar levels now? [Guest: Okashiro Miyuki #2],47,question,,,
Blood sugar levels and life: The essence of stability [Guest: Miyuki Okashiro #1],69,assertion,,,
Future learning that will support the lives of young people [Guest: Hiromitsu Tokita #4],75,assertion,,,
My mistake,9,assertion,first_person,,
"""Imperfect Parents"" who Help Their Children Grow [Guest: Hiromitsu Tokita #3]",67,assertion,,,
Interest rate shock?,18,question,,,
The true nature of intelligence is the ability to exchange information [Guest: Hiromitsu Tokita #2],85,assertion,,,
The next stock to double?,21,question,,,
From the corner of the classroom to a Tokyo University admission contractor [Guest: Hiromitsu Tok...,86,suspense,curiosity_gap,,
"""Exercise"" will save Japan in the future [Guest: Nicholas Pettas #4]",58,assertion,,,
"""Bushido Spirit"" learned through martial arts [Guest: Nicholas Pettas #3]",64,assertion,,,
Time to take profits?,18,question,,,
"The story behind the birth of ""Blue-eyed Samurai"" [Guest: Nicholas Pettas #2]",66,assertion,,,
Silver and gold soaring?,21,question,,,
The Legendary Karate Master's Last Apprentice [Guest: Nicholas Pettas #1],64,assertion,,,
Dan's Trading Update,18,assertion,,,
Is the gold crash over?,19,question,,crisis,
[Breaking News] Nvidia Financial Results: Will They Sell Bitcoin?,57,question,alert,,BREAKING
Five risky stocks?,16,question,,,
Is it time to sell big? 2026 strategy,30,question,,,
Meta stocks plummet - AI bubble analysis,34,assertion,,crisis,
[Preparing for a bubble] Central bank to announce financial results?,59,question,,crisis,
Gold finally crashes,18,assertion,,crisis|excitement,
"Another tariff war, timing for a major crash?",38,question,,crisis,
"Yen weakening, will it soon reach 160 yen?",35,question,,,
"There's still a chance for $10,000 in gold",35,assertion,,,
What's your favorite brand right now?,32,question,,,
Don't miss this historic opportunity,32,assertion,,,
The next AI stock to skyrocket?,26,question,,,
Gold and silver soar!,18,exclamation,,,
200 Years of AI Bubbles: When Will They Burst?,38,question,,crisis,
Is now the most important event in 2025?,33,question,,,
Historic Opportunity [Precious Metals],35,assertion,,,
This is the worst time...,21,suspense,curiosity_gap,crisis,
【速報】エヌビディア決算発表、暴落の準備,20,assertion,alert,crisis,【速報】
Two major risks,13,assertion,,,
US stock market crash prediction,28,assertion,,crisis,
Is it time for a Bitcoin crash?,25,question,,crisis,
Is September risky?,17,question,,,
"[Breaking News] Japanese stocks hit record high, is it time to buy?",56,question,alert,,BREAKING
A chance to buy Coco?,17,question,,,
Preparing for the next crash,24,assertion,,crisis,
I'll buy this with all my might,25,assertion,first_person,,
"[Beyond Anti-Aging] Is Rejuvenation Possible? Dr. Yui Horie on ""Reverse Aging"" [Guest: Yui Horie]",84,question,,,
Could it be a crash?,16,question,,crisis,
[Breaking News] Financial Results and Central Bank Announcements,57,assertion,alert,,BREAKING
High risk?,9,question,,,
Global markets to fall in autumn?,28,question,,,
Continuous central bank announcements,34,assertion,,,
Time to sell soon?,15,question,,,
Can Aging Really Be Stopped? The Truth About Senescent Cells [Guest: Hironori Uekura],73,question,expose,,
A surprise announcement this week?,30,question,,,
[Are you 100% sure?] Will this stock soar this weekend?,46,question,,,
Japan's biggest problem is this,27,assertion,,excitement,
"DanTalk Special Edition ""The Power to Survive in the Financial Industry"" (2025.07.12) [Guest: Fra...",87,suspense,curiosity_gap,,
2025年度PostPrime株式会社 経営発表会（2025.07.12）,36,assertion,,,
"""Breaking News"" US Financial Results and CPI Announcement",50,assertion,alert,,BREAKING
Don't sell now,12,assertion,,,
"PostPrime, big announcement",25,assertion,,,
"Bitcoin, is it time for a crash?",26,question,,crisis,
"[Live Demo] Are You Brushing Your Teeth the Wrong Way? A Doctor of Dental Science Teaches ""Proper...",84,question|suspense,curiosity_gap,,
Trump announces 200% tariffs!,26,exclamation,,,
"""Breaking News"" The New York Dow falls by $400",38,assertion,alert,,BREAKING
[Tariff dispute] Risk of decline in July?,35,question,,,
Will it increase tenfold from now?,29,question,,,
"The one word that gets information out: The true nature of the ""interrogation techniques"" used by...",85,suspense,curiosity_gap,,
My long-term strategy?,20,question,first_person,,
7月中、ココがベスト投資？,13,question,,,
[Tariff War] US vs. Japan?,22,question,,,
Risk of a summer crash?,19,question,,crisis,
6時間睡眠は徹夜レベル！ 脳機能を守る“戦略的休息”の新常識【Guest：小林 麻利子】,42,exclamation,,,
"[Breaking News] Nikkei average reaches 40,000 yen, will it rise further?",62,question,alert,,BREAKING
The next stock to soar 50%?,22,question,,,
Is ceasefire real? Oil prices plummet,32,question,,,
Iran vs. America: War to Protect Nuclear Facilities,44,assertion,,,
"Pitfalls of generative AI and copyright | A patent attorney explains the truth that is ""dangerous...",85,suspense,curiosity_gap,,
Any chance to buy soon?,19,question,,,
The stock that's soaring 20% ​​right now?,35,question,,,
Is this the cheapest place in 25 years?,32,question,,,
Tesla crashes and surprise interest rate cut?,39,question,,crisis,
The most important brand?,22,question,,,
"When the market crashes, buy with all your might",40,assertion,,crisis,
Is this the cheapest place in 100 years?,33,question,,,
Will you be buying this soon?,24,question,,,
Sell ​​in May?,12,question,,,
Definitely a chance to buy?,23,question,,,
Dead Cross,9,assertion,,,
ドル円、急落は止まる？,11,question,,crisis,
Market bottom?,13,question,,,
Historic buying opportunity after the crash,38,assertion,,crisis,
Buy when gold crashes,18,assertion,,crisis,
Trump tariffs: a big crash,22,assertion,,crisis,
[Breaking News] Crisis situation,29,assertion,alert,crisis,BREAKING
The crash isn't over,17,assertion,,crisis,
The first crisis signal in 40 years?,30,question,,crisis,
この銘柄は今から急騰？コモディティサイクルのきっかけ,26,question,,,
[Trump tariff war] Will it be settled on April 2nd?,42,question,,,
Are stock prices really at bottom?,29,question,,,
今週、2つの中銀発表。市場への影響は？,19,question,number_list,,
株暴落はチャンスか？僕の戦略はこれ,17,question,first_person,crisis,
米国株の急落、終わったか？,13,question,,crisis,
【世界株CRASH】エヌビディア株がきっかけ？,23,question,,crisis,
暴落は今年起きる？,9,question,,crisis,
僕は全力でココを買っています,14,assertion,first_person,,
Dollar/yen plummets 10%,21,assertion,,,
"Emerging market stocks ""here"" will still double",41,assertion,,,
2025年、米国株を買うな,13,assertion,,,
"Nikkei average rises to 100,000 yen",30,assertion,,,
トランプショック,8,assertion,,,
Gold will rise 2-3 times from now,27,assertion,,,
米国株決算、1番危険な銘柄は？,15,question,,,
【緊急】今日は歴史上最大の暴落...,18,suspense,alert|curiosity_gap,crisis|excitement,【緊急】
【1年ぶりの急落】大切なトレンドの始まり,20,assertion,,crisis,
ビットコイン、まだ9倍上がる,14,assertion,,,
An opportunity to buy the bottom?,28,question,,,
2025年、暴落のタイミング,14,assertion,,crisis,
僕が注目してる５つ銘柄？,12,question,number_list|first_person,,
2025年「これ」が1番安全の投資？,18,question,,,
今年の米国株「ここ」を優先？トランプ政権、中銀、マクロトレンドのまとめ,35,question,,,
When will Bitcoin crash?,21,question,,crisis,
クラッシュのシグナルがきた？サンタクロースラリーは下落！,28,question|exclamation,,,
My top 5 stocks for 2025?,20,question,number_list|first_person,,
米国株、年末の急落リスクは「ない」？,18,question,,crisis,
Could there be a crash in 2025?,25,question,,crisis,
【速報】14年ぶりの大発表、70%上昇する？,22,question,alert,,【速報】
次の大暴落は「この時」に起きる？,16,question,,crisis,
今月から、大きな投資チャンス？,15,question,,,
【速報】ビットコイン10万ドル突破、今から9倍上がる,26,assertion,alert,,【速報】
日経平均、６万円に上がる,12,assertion,,,
ドル円、130円台まで下がる,14,assertion,,,
Don't sell now,12,assertion,,,
"A super cycle is beginning, what are the three things to watch?",52,question,number_list,,
My 5 predictions for the end of 2024,29,assertion,first_person,,
米国テック株、バブルリスク？,14,question,,,
まだ、買うチャンスは残ってる,14,assertion,,,
僕はポートフォリオの90％をここに投資する,21,assertion,first_person,,
トランプ勝利、投資の最大チャンス,16,assertion,,excitement,
いよいよ、買う時が来た,11,assertion,,,
アメリカ大統領選、どの銘柄を狙う？,17,question,,,
11月のリスク？,8,question,,,
衆院選挙後、日本株は急騰するか？,16,question,,,
まもなく相場の嵐、衆院選挙について話します,21,assertion,,,
【速報】ドル円、もうすぐ155円,16,assertion,alert,,【速報】
今は最強なチャンスです,11,assertion,,excitement,
半導体株が大暴落,8,assertion,,crisis,
Buy more Japanese stocks,21,assertion,,,
これは絶対に自信がある,11,assertion,,,
10月の大暴落、この3つを狙う,15,assertion,number_list,crisis,
日経平均が４万円突破する,12,assertion,,,
戦争悪化、僕の投資戦略,11,assertion,first_person,,
【僕の自信は強い】これは2倍上がる？,18,question,first_person,,
日経平均が1900円クラッシュ、失われた100年,24,assertion,,,
①暴落警戒と②自民党総裁選の意見,16,assertion,series_number,crisis,
【ドル円144円】円安は終わってない？,19,question,,,
【速報】中国の緊急緩和が発表！,15,exclamation,alert,,【速報】
この3つ、買うチャンス❓,12,question,number_list,,
【速報】FOMC利下げ、気をつける,17,assertion,alert,,【速報】
ドル円が130円台に暴落、行き過ぎ？,18,question,,crisis,
人生でめったにない、買うチャンス,16,assertion,,,
トランプvsハリス、僕の投資戦略？,17,question,first_person,,
"Economic Downturn: ""Here"" Is Where It's Safe to Invest",46,assertion,,,
急落の始まり、チャンスです,13,assertion,,crisis,
秋はクラッシュ「これ」がキッカケ？,17,question,,,
僕の予測....,8,suspense,first_person|curiosity_gap,,
暴落時「これ」を買います,12,assertion,,crisis,
AIバブル崩壊、始まったか？,14,question,,crisis,
ドル円、反発するか？,10,question,,,
新興国株を買う、どれが安い？,14,question,,,
エヌビディア株価、暴落するか？,15,question,,crisis,
日本の中小株、買う時,10,assertion,,,
【急落シグナル？】ジャクソンホールの影響,20,question,,crisis,
アメリカ景気後退リスク,11,assertion,,,
暴落はまた起きる、買うチャンス,15,assertion,,crisis,
Will the dollar/yen rate fall to the 130 yen range in the medium to long term?,63,question,,,
【今は少し危険】アメリカCPI発表,17,assertion,,,
日本株まだ上がる、5つの理由,14,assertion,number_list,,
クラッシュ、終わっていない？,14,question,,,
大暴落の後、ここを買う,11,assertion,,crisis,
ボトムを買うべきなのか？,12,question,,,
1987年以来の暴落、なぜ起きた？,17,question,,crisis,
日本株の大暴落,7,assertion,,crisis,
I will buy more,12,assertion,first_person,,
【速報】日銀の利上げサプライズ！,16,exclamation,alert,,【速報】
今週の発表をまとめます「日銀・FOMC・BOE・決算発表・米雇用統計」,35,assertion,,,
みんな忘れてる「大きなリスク」,15,assertion,,,
クラッシュの時「これ」を買う？,15,question,,,
米国株、2年ぶりの暴落,11,assertion,,crisis,
My Vision and Dream,16,assertion,first_person,,
今、この２つはチャンス？,12,question,number_list,,
ハリス大統領、相場の影響？,13,question,,,
アメリカ株、10％急落リスク？,15,question,,crisis,
日本株、全力で買う,9,assertion,,,
僕から大きな発表….,10,suspense,first_person|curiosity_gap,,
【100％自信ある】利下げスーパーサイクル始まる,24,assertion,,,
日経平均、８万円に上がる？,13,question,,,
今週の発表、米国株の最大リスクか？,17,question,,excitement,
ここが24年ぶり、買うチャンス❓,16,question,,,
No interest rate cuts coming?,25,question,,,
アメリカ株が歴史的高値、どうするか❓,18,question,,,
円安が止まらない、僕の投資方法？,16,question,first_person,,
Trump wins by a landslide. Will you buy this?,37,question,,,
【緊急】ドル円は177円まで上がるかも？,20,question,alert,,【緊急】
100％上がる？,8,question,,,
僕が全力で、投資してるもの❓,14,question,first_person,,
テック株バブル、いつ崩壊するのか❓,17,question,,crisis,
"Is ""this"" historically cheap❓",26,question,,,
【絶対に忘れない】メガトレンド❓,16,question,,,
The super cycle is about to begin!,28,exclamation,,,
NYダウが1000ドル急落、3つの理由❓,20,question,number_list,crisis,
日本は本当に大丈夫か？,11,question,,,
【速報】米国株、2024年で最悪の下落,19,assertion,alert,,【速報】
200年ぶりのチャンス？,12,question,,,
Is the AI ​​bubble about to burst?,28,question,,crisis,
[Breaking] U.S. CPI Announcement❓,30,question,alert,,BREAKING
米テック株の暴落、いつ買うのか❓,16,question,,crisis,
クラッシュに備える、決算発表に注目,17,assertion,,,
【速報】イラン・イスラエル攻撃,15,assertion,alert,,【速報】
世界相場、暴落の可能性あるか？,15,question,,crisis,
円安を止める為替介入❓,11,question,,,
NYダウ５００ドル急落,11,assertion,,crisis,
【速報】今夜はFOMC発表！,14,exclamation,alert,,【速報】
【速報】米国CPI発表リスク❓,15,question,alert,,【速報】
そろそろ、買うチャンス❓,12,question,,,
米テック株の暴落,8,assertion,,crisis,
【速報】NYダウ1000ドル急落,16,assertion,alert,crisis,【速報】
2024年、バブル崩壊するのか？,16,question,,crisis,
「ここ」が1番大きなリスク❓,14,question,,,
USD/JPY: Heading to 160?,21,question,,,
米国株、今は危険なのか❓,12,question,,,
Will Bitcoin rise 10 times?,23,question,,,
日経平均、もうすぐ5万円,12,assertion,,,
【今年は利下げなし】FRBサプライズ❓,19,question,,,
【17年ぶり日銀利上げ】YCC・ETF購入の停止,24,assertion,,,
歴史的に初めて「これ」が起きた？,16,question,,,
米大統領選スーパーチューズデー【5％下落は当然】,24,assertion,,,
歴史的バブル、崩壊タイミング❓,15,question,,crisis,
[Bitcoin has more than tripled in one year] A thorough analysis,53,assertion,,,
24年ぶり、クラッシュはいつ起きる❓,18,question,,,
日経平均まもなく４万円‼️,13,exclamation,,,
AIバブルなのか？ エヌビディア決算に注目,20,question,,,
【1番割安はココ】　動画の最後で僕のプライベートの事も話しました,32,assertion,first_person,,
【速報】NYダウ700ドル急落,15,assertion,alert,crisis,【速報】
最強なチャンス？,8,question,,excitement,
【速報】ソフトバンク10%急騰、アーム株が40％爆上げ,27,assertion,alert,,【速報】
90年ぶり、バブル崩壊,11,assertion,,crisis,
米国株、危険なシグナル,11,assertion,,,
そろそろ買う？,7,question,,,
【速報】暴落の始まりか？,12,question,alert,crisis,【速報】
日経平均、もうすぐ４万円,12,assertion,,,
【3つのリスク】今週に注目するイベント,19,assertion,number_list,,
絶対に勝てる投資？,9,question,,,
【注意】2月は歴史的に危険,13,assertion,,,
大統領選はここに投資する,12,assertion,,,
やっと買う時,6,assertion,,,
まもなく、ドル円が150円？,14,question,,,
【速報】NYダウが500ドル急落,16,assertion,alert,crisis,【速報】
今から2倍上がる銘柄？,11,question,,,
45年ぶり、ココが1番割安です,15,assertion,,,
2024年の予測、利下げに期待するな,18,assertion,,,
米国株、10％暴落の始まりか？,15,question,,crisis,
世界株、1月は絶望の売り,12,assertion,,,
[Strongest Opportunity] Summary of 2024 Strategy,43,assertion,,,
米国株2024年展望、利下げ時に買う銘柄？,21,question,,,
2024年は日本株を買う、新NISAスタート！,23,exclamation,,,
【危ない】サンタクロースラリー❓,16,question,,,
50年ぶり、ココを買う時です,14,assertion,,,
NYダウ500ドル下落、暴落の始まりか❓,20,question,,crisis,
年末年始、米国株は危険❓,12,question,,,
【速報】日銀発表、債券とドル円の投資戦略,20,assertion,alert,,【速報】
人生最強のチャンス、金融緩和の始まり,18,assertion,,excitement,
世界相場が急騰、僕はここを狙ってる,17,assertion,first_person,,
FOMC発表前、今週の5つイベント,17,assertion,number_list,,
今から2倍上がる3つの銘柄,14,assertion,number_list,,
【緊急】日銀が起こしたドル円の暴落,17,assertion,alert,crisis,【緊急】
ゴールド、歴史的なブレークアウト,16,assertion,,,
2024年、最悪な年になる？,14,question,,,
やっと良いチャンスが来た❓,13,question,,,
今は買うべき、巨大なシフトです,15,assertion,,,
来年は138円、ドル円の最大チャンス,18,assertion,,excitement,
12月のクラッシュ❓,10,question,,,
今はココに気を付ける,10,assertion,,,
新興国株「これ」が50％急騰する,16,assertion,,,
247年の歴史、今がベストチャンス！,18,exclamation,,,
やっと始まった、ドル円の暴落,14,assertion,,crisis,
サンタクロースラリー、年末年始のトレンド,20,assertion,,,
【速報】日経平均33年ぶり最高値、6万円まで上がる,25,assertion,alert,,【速報】
今、投資するべき 7つの銘柄,13,assertion,number_list,,
次の暴落は「ここ」,9,assertion,,crisis,
【8年ぶりの好機】アメリカドルの急落,18,assertion,,crisis,
世界相場がボトム、買うシグナル,15,assertion,,,
【速報】米国CPI大発表、僕の戦略❓,18,question,alert|first_person,,【速報】
人生最大級のチャンス,10,assertion,,excitement,
デッドクロス、暴落リスクか？,14,question,,crisis,
著名投資家は「これ」を大量に買っている,19,assertion,,,
36年ぶり、新興国株を買う時,14,assertion,,,
最強なチャンス,7,assertion,,excitement,
【速報】FOMCサプライズ発表、アップル決算,22,assertion,alert,,【速報】
ドル円が急騰、160円に向かう,15,assertion,,,
【緊急】日銀が利上げ発表、展望レポートに注目？,23,question,alert,,【緊急】
まもなく5つの大発表,10,assertion,number_list,,
【米国株クラッシュ】10％急落後は危険❓,20,question,,crisis,
【全力で買う】70年ぶりのチャンス,17,assertion,,,
【速報】アメリカ決算発表の戦略？,16,question,alert,,【速報】
NYダウが1000ドル暴落、ウォール街の「買う」シグナル❓,33,question,,crisis,
米国相場パニック、2007年以来の高金利,20,assertion,,,
日本株、歴史的な買いチャンス,14,assertion,,,
【速報】米国株の急落、ドル円150に近付く,21,assertion,alert,crisis,【速報】
年末までに「ここ」はいつも上がる,16,assertion,,,
本物のクラッシュ、リセッションに備える,19,assertion,,,
【2つの緊急ニュース】ヒズボラ攻撃、アメリカ政府閉鎖リスク,29,assertion,alert|number_list,,
3年ぶり大暴落、イスラエル戦争の意見,18,assertion,,crisis,
【利上げの終わり】米CPIとFOMC発表,20,assertion,,,
46%メルトダウン、まもなくボトムです,19,assertion,,,
イスラエルパレスチナ、戦争の投資戦略？,19,question,,,
【米株は買うな】雇用統計ショック,16,assertion,,,
【速報】ドル円の急落、ショートしない,18,assertion,alert,crisis,【速報】
世界相場が暴落❓,8,question,,crisis,
【ここは2〜3倍上がる】人類最大の危機？,20,question,,crisis|excitement,
10月の歴史、全力で買うべきか❓,16,question,,,
【買う時】最安TOP3銘柄？,14,question,,,
【緊急】アメリカ政府閉鎖❓僕の投資戦略,19,question,alert|first_person,,【緊急】
15年ぶりの暴落、何を買う時か❓,16,question,,crisis,
【メガショート】僕の巨額な空売り,16,assertion,first_person,,
【速報】ドル円まもなく150円、円安から守る方法❓,25,question,alert,,【速報】
歴史的「ココ」は買うチャンス,14,assertion,,,
【速報】日銀発表、市場はパニック,16,assertion,alert,,【速報】
米国株は700ドル下落する、FOMC発表のまとめ,24,assertion,,,
アメリカの大間違い,9,assertion,,,
9月後半、大暴落は始まるか？,14,question,,crisis,
この銘柄、3倍は上がる,12,assertion,,,
ウォール街の警告、23％クラッシュシナリオ,21,assertion,,,
ダブルショック、また利上げが始まる,17,assertion,,,
【速報】米インフレ、今夜のECBと米PPI、アームIPOの戦略,31,assertion,alert,,【速報】
米国CPI発表、リスクは終わっていない,19,assertion,,,
【速報】ナスダック1%下落、アップル発表、アームIPO価格、ビットコインデッドクロス,42,assertion,alert,,【速報】
The US default crisis will begin next year.,36,assertion,,crisis,
【速報】テスラ株10％急騰、アームIPO、日本国債の入札,28,assertion,alert,,【速報】
【緊急】日銀発表、金利上昇のリスク,17,assertion,alert,,【緊急】
【速報】今週の展望、G20サミット、アップルiPhone15,30,assertion,alert,,【速報】
去年と違う3つの観点、円は大暴落する？,19,question,number_list,crisis,
【世界ニュースまとめ】中国CPI発表、アームIPO、食料価格の減少,33,assertion,,,
米国株ナスダック400ドル下落、危険なチャート,23,assertion,,,
世界相場が転落、アップルショック❓,17,question,,,
日経平均は10万円に上がる,13,assertion,,,
金利上昇、10％急落の可能性？,15,question,,crisis,
やっぱりこれが気になる❓,14,question,,,
僕の自信は100％…「ここ」がパーフェクトの投資？,27,question|suspense,first_person|curiosity_gap,,
9月は歴史的に最悪😣,10,assertion,,,
数億円の大損をしました.....,16,suspense,curiosity_gap,,
【緊急】ドル円が155円、ゴールドマンの予測,22,assertion,alert,,【緊急】
This will double.,15,assertion,,,
歴史的、３つの売るシグナル,14,assertion,number_list,,
円安、為替介入で止まらない,14,assertion,,,
【速報】ジャクソンホールまとめ,16,assertion,alert,,【速報】
米国テック株、絶対に買うな,13,assertion,,,
【大発表】ジャクソンホール演説,15,assertion,,,
【緊急】米国株 200ドル急騰、エヌビディアの影響,24,assertion,alert,,【緊急】
このチャートは心配です,11,assertion,,,
1番大切な決算発表❓,10,question,,,
まだ、買う,5,assertion,,,
【速報】利下げ後、急落が止まらない,17,assertion,alert,crisis,【速報】
世界株が大幅下落、本当にパニック❓,19,question,,,
ドル円、150円に上がるか❓,16,question,,,
大暴落、いつ買うのか？,11,question,,crisis,
3年ぶりの大量売り,9,assertion,,,
【緊急】ビットコイン17%急落,15,assertion,alert,crisis,【緊急】
アメリカ金利、恐ろしいショック,15,assertion,,,
著名投資家、大規模な空売り,13,assertion,,,
[Breaking News] Nikkei 225 Plummets Again,36,assertion,alert,,BREAKING
巨大な、急落シグナル❓,11,question,,crisis,
【緊急利下げ】中国経済が爆発,14,assertion,alert,,
【急激な円安】続く3つの理由❓,15,question,number_list,,
【速報】米株が反発、買うのはダメ,16,assertion,alert,,【速報】
バフェットが買ってる銘柄❓,13,question,,,
【速報】日経平均が急落,11,assertion,alert,crisis,【速報】
ドル円145円、本当の理由は？,15,question,,,
今週「この」5つリスクに注目,14,assertion,number_list,,
非常に危険なシグナル,10,assertion,,,
クラッシュの始まり、半導体株が注目,17,assertion,,,
U.S. CPI Announcement is a Warning,29,assertion,,,
「この」ETFを買わない,12,assertion,,,
さよなら・初めまして....  最後の部分も見てね,23,suspense,curiosity_gap,,
米国株、秘密の急落シグナル？,14,question,,crisis,
大暴落が始まったのか？,11,question,,crisis,
アップルショック,8,assertion,,,
今は最悪な時....？,11,question|suspense,curiosity_gap,,
日本株、買う準備をする,11,assertion,,,
"Buffett is buying ""this"".",22,assertion,,,
米国株、今は警戒するべき,12,assertion,,,
【緊急】アメリカ格下げ、米国株が急落,18,assertion,alert,crisis,【緊急】
64％大暴落、著名投資家の警告！,16,exclamation,,crisis,
日本株、10年ぶりの買うチャンス,16,assertion,,,
僕はダメな人間です....,13,suspense,first_person|curiosity_gap,,
【緊急】日銀が利上げ、円高の始まり,17,assertion,alert,,【緊急】
昨晩の下落、20％暴落の予測❓,15,question,,crisis,
【速報】歴史的なダブル利上げ,14,assertion,alert,,【速報】
NYダウ、126年ぶりの暴騰,14,assertion,,,
まさかの「利下げ」FOMC発表？,16,question,,,
【速報】米国株が急変動、決算発表,16,assertion,alert,,【速報】
今こそ「これ」が最強のチャンス,15,assertion,,excitement,
アメリカ株を売る、FRB利上げ後のリスク,20,assertion,,,
日本株、やっと買う時,10,assertion,,,
この投稿、削除される前に見てね,15,assertion,,,
NYダウ9日続伸、上がりすぎ？,15,question,,,
【速報】巨大ファンドが日本を売る？,17,question,alert,,【速報】
アメリカ株が急落、決算リスクの始まり？,19,question,,crisis,
秘密の「日銀株」が急騰！,12,exclamation,,,
【速報】米株の大量売り、10％暴落と歴史,20,assertion,alert,crisis,【速報】
「ココ」は歴史的なチャンス？,14,question,,,
【速報】巨額な損失、円高は続く？,16,question,alert,,【速報】
11兆ドルのバブル、崩れる？,17,question,,crisis,
買うな、３つ銘柄タイプ？,13,question,number_list,,
「これ」は 50％上がる？,13,question,,,
米国株、今年の秋は気を付けろ,14,assertion,,,
【速報】7月の日銀利上げ？,13,question,alert,,【速報】
【速報】NYダウ500ドル急騰、PPI発表,21,assertion,alert,,【速報】
ドル円が大暴落、いつ終わる？,14,question,,crisis,
「これ」に全力で投資します,13,assertion,,,
【速報】まもなく、米CPI発表,15,assertion,alert,,【速報】
日経平均、3年以内に６万円に上る？,17,question,,,
アメリカ株、決算を警戒,11,assertion,,,
【速報】日本株また下落、債券に注目？,18,question,alert,,【速報】
ドル円、やっと暴落の始まり❓,15,question,,crisis,
米国株「ここ」が50％上昇する,15,assertion,,,
【速報】日経平均が続落、金利リスク,17,assertion,alert,,【速報】
アメリカ株、夏は危険,10,assertion,,,
【速報】日本株が転落、１兆円の売り,17,assertion,alert,,【速報】
「これ」は２倍上がる,10,assertion,,,
【速報】まもなくFOMC発表！,15,exclamation,alert,,【速報】
日経平均が下落、7月に3つのリスク❓,18,question,number_list,,
アメリカ株、1983年以来、歴史的な上昇率,21,assertion,,,
大統領選、どの株を買うか❓,14,question,,,
失敗した、新興国株に注目❓,13,question,,,
70年ぶり、スーパーバブルの終わり,17,assertion,,,
【速報】日経平均が下落、ドル円が145円突破,22,assertion,alert,,【速報】
7月の歴史、買う時？,10,question,,,
ドル円、150円にいくか❓,13,question,,,
【速報】半導体株が転落、AI バブル崩壊か？,21,question,alert,crisis,【速報】
Massive Short Selling,19,assertion,,excitement,
日本株が続落、いつ買うか❓,13,question,,,
23%クラッシュ、ウォール街の予測,17,assertion,,,
もうすぐ、ドル円の大暴落,12,assertion,,crisis,
歴史的、イギリス利上げ発表,13,assertion,,,
米国株まだ危険、ビットコイン急騰,16,assertion,,,
【速報】NYダウ500ドル急落,15,assertion,alert,crisis,【速報】
今は買うな,5,assertion,,,
僕は、数億円の大損をした,12,assertion,first_person,,
日銀発表、もうすぐ為替介入？,14,question,,,
【速報】米欧株が急落、ECB利上げ,17,assertion,alert,crisis,【速報】
FRB ショック、2回利上げ,13,assertion,,,
FOMC発表、今は強欲か❓,13,question,,,
【速報】米国株が急騰、CPI サプライズ！,20,exclamation,alert,,【速報】
間違いをした....,10,suspense,curiosity_gap,,
5つの経済発表、僕の準備❓,13,question,number_list|first_person,,
20％大暴落が起きる❓,12,question,,crisis,
I'm having a baby,14,assertion,first_person,,
"The Dangerous Yield Curve Inversion... Actually, It's Not",50,suspense,curiosity_gap,,
何を考えているのか....,13,suspense,curiosity_gap,,
日経平均、まだ買うべきか❓,13,question,,,
"I'm shocked, a historic short sale",29,assertion,first_person,,
損切りしました....,11,suspense,curiosity_gap,,
今日は３つ大発表,8,assertion,number_list,,
【速報】米議会可決、この銘柄を買う❓,18,question,alert,,【速報】
日経平均、暴落の始まりか❓,13,question,,crisis,
買うな....❓,8,question|suspense,curiosity_gap,,
"[Breaking News] US debt ceiling agreed upon, will the market rise?",56,question,alert,,BREAKING
誰も知らない、バフェット 3つ秘密❓,17,question,number_list,,
みんな聞いてください,10,assertion,,,
【緊急】米格下げ ＋利上げは続く❓,16,question,alert,,【緊急】
世界株が急落、米政府が枯渇する❓,16,question,,crisis,
失敗しました....,10,suspense,curiosity_gap,,
銀行株、まだ超安い,9,assertion,,,
米デフォルト迫る、実は買う時か❓,16,question,,,
日経平均3万円、4万円に上がる,15,assertion,,,
バフェット、日本株を買う,12,assertion,,,
米CPI発表、５つの注目銘柄❓,15,question,number_list,,
The US Default Crisis Is Looming,27,assertion,,crisis,
最悪な歴史、5月の現象？,12,question,,,
「ここ」で巨額な投げ売り？,15,question,,,
銀行が暴落中、まもなく雇用統計の発表！,20,exclamation,,crisis,
【緊急】アメリカ相場が混乱,14,assertion,alert,,【緊急】
"US regional bank collapses, FOMC raises interest rates",47,assertion,,crisis,
40年の現象、株は上昇する❓,14,question,,,
5 Big Announcements This Week❓,26,question,,,
ちょっとみんな、聞いてください,15,assertion,,,
日銀発表、もうすぐ利上げ？,13,question,,,
Bank Stocks Crashing: Is Another Lehman Moment Coming?,47,question,,crisis,
米国株、クラッシュの始まりか❓,15,question,,,
「これ」は2倍上がる？,11,question,,,
5月は危険か、Sell in May,16,assertion,,,
全力で買う準備...,10,suspense,curiosity_gap,,
大暴落が起きた......,13,suspense,curiosity_gap,crisis,
2011年と同じ、債務危機❓,14,question,,crisis,
日経平均、買うチャンス❓,12,question,,,
アメリカ株、4月は上がる現象？,15,question,,,
【重要】サプライズ利下げ、準備します,18,assertion,,,
Major IMF Warning,15,assertion,,,
米国株、10％暴落する？,12,question,,crisis,
US CPI Announcement: The Moment Everything Is Decided...,49,suspense,curiosity_gap,,
今から10年間、本物のバブルが弾ける,18,assertion,,,
これから大発表、僕の準備❓,13,question,first_person,,
日本株、もうすぐ買います,12,assertion,,,
大失敗しました...,10,suspense,curiosity_gap,,
今年の夏、急落する…？,11,question|suspense,curiosity_gap,crisis,
【速報】サプライズで原油暴騰、米株下落,19,assertion,alert,,【速報】
いよいよ、緊急発表,9,assertion,alert,,
今、これに投資します...,13,suspense,curiosity_gap,,
3月末、最後に買うチャンス？,14,question,,,
40年ぶり騰落率、ドル円ボトムか？,17,question,,,
地獄の終わり、4月は回復か？,14,question,,,
次の銀行破綻、ドイツ銀行⁉️,14,question,,,
2008年以来の超割安⁉️,13,question,,,
NYダウ急落、今後は3つリスク⁉️,17,question,number_list,crisis,
FOMC、利上げ発表,10,assertion,,,
大崩壊、サイクルの終わり？,13,question,,crisis,
歴史的、UBSがクレディ・スイスを買収,19,assertion,,,
最悪な１週間、いつボトム❓,14,question,,,
サプライズ、大幅利上げ,11,assertion,,,
クレディスイス、大暴落,11,assertion,,crisis,
"15 years later, now it's a crash",26,assertion,,crisis,
米CPI大発表？,8,question,,,
米銀SVB破綻、リーマンと同じ？,16,question,,,
【緊急】NY株価が大暴落、雇用統計に注目！,21,exclamation,alert,crisis,【緊急】
日銀黒田、最後のショック,12,assertion,,,
米株が急落、パウエル爆弾発言,14,assertion,,crisis,
3月は、歴史的に上がる時？,13,question,,,
今から４つの大発表❓,10,question,number_list,,
厳しい10年間、本物のバブル崩壊か？,18,question,,crisis,
僕の投資成績を公開…,10,suspense,first_person|curiosity_gap,,
バリュー株、全部を売る❓,12,question,,,
今から26%急落、モルガンスタンレー予測,20,assertion,,crisis,
2023年、危険は続く,11,assertion,,,
世界相場が反発、内閣支持率43%に上昇,19,assertion,,,
僕は初めて、日本に賭ける,12,assertion,first_person,,
リスク高まる、FOMC議事要旨,15,assertion,,,
米株先物が上昇、決算発表の影響,15,assertion,,,
NYダウ、７００ドル急落,12,assertion,,crisis,
巨大なトラップ、８つのシグナル？,16,question,number_list,,
日本が売られる理由？,10,question,,,
Wall Street's top three are wrong,28,assertion,,,
ゴールドマン予測、北朝鮮ミサイル、PCE発表、日銀サプライズ,30,assertion,,,
みんな聞いて、5つ注目点,12,assertion,number_list,,
急落リスクあるのか？,10,question,,crisis,
日経平均が危険…,8,suspense,curiosity_gap,,
【緊急】日銀、歴史的な利上げ,14,assertion,alert,,【緊急】
Youtubeの終わり❓,12,question,,,
また失敗.....,9,suspense,curiosity_gap,,
"Global stocks plummet, China faces its biggest crisis since 1989",55,assertion,,crisis|excitement,
ドル円は暴落する、30年間デフレが終わる❓,21,question,,crisis,
僕の大間違い.....,11,suspense,first_person|curiosity_gap,,
2020年と同じ、最強の買い時❓,16,question,,excitement,
"US CPI Announcement, a 40-Year Shock?",32,question,,,
米中間選挙は大落選、90年間の歴史❓,18,question,,,
全力で買う…. 7つの理由❓,13,question|suspense,number_list|curiosity_gap,,
FOMC利上げ、ドル円が危険？,15,question,,,
The dollar-yen crash will happen next year,36,assertion,,crisis,
【緊急】アメリカ新緩和の発表⁉,15,question,alert,,【緊急】
36年ぶりの崩壊❓,9,question,,crisis,
これはもう、限界か？,10,question,,,
24年ぶりの大危機です,11,assertion,,crisis,
1931年以来、最悪なクラッシュ？,17,question,,,
日本の売り圧力、お金を守れ！,14,exclamation,,,
73年ぶりの大暴落…,10,suspense,curiosity_gap,crisis,
恐ろしい真実を教えます……,13,suspense,expose|curiosity_gap,,
日本のバブル崩壊、売れ？,12,question,,crisis,
新しい機能、人生は最初の1分で決まる…,19,suspense,curiosity_gap,,
僕の大間違い…？,8,question|suspense,first_person|curiosity_gap,,
バブル崩壊、５つのシグナル？,14,question,number_list,crisis,
全て売れ？,5,question,,,
お金を楽しく学ぶ方法、資産を増やそう❣,19,assertion,,,
日銀、狂ってる？,8,question,,,
安倍元首相への僕の想い,11,assertion,first_person,,
FRB、恐ろしい発表です,12,assertion,,,
Is This a Historic Opportunity?,27,question,,,
日本から出る,6,assertion,,,
人類史最悪のバブル崩壊...,14,suspense,curiosity_gap,crisis,
もう手遅れだ…,7,suspense,curiosity_gap,,
歴史的なチャンス？,9,question,,,
もう、あきらめた,8,assertion,,,
もうダメだ,5,assertion,,,
Is Buffett Buying Stocks Aggressively?,34,question,,,
円安からお金を守る、ゴールド投資？,17,question,,,
今、1番安い投資は「これ」？,14,question,,,
Time to Buy at Last?,16,question,,,
CRASHに備える、初心者でもお金を守る方法？,23,question,,crisis,
"Wall Street warns, how do I prepare?",30,question,first_person,,
Has the market crash started again?,30,question,,crisis,
日本株は安い？初心者でも分かる投資戦略,19,question,,,
A weak yen is unacceptable,22,assertion,,,
"Bank of Japan, stop messing around",29,assertion,,,
"Taxes are a pain, let's change Japan",30,assertion,,,
Have you given up on my Japan yet?,27,question,first_person,,
今日、大暴落が起きた,10,assertion,,crisis,
巨額の損失、みんなに警告,12,assertion,,,
歴史的な爆発？,7,question,,,
【緊急】ロシアSWIFT除外、週末株価が急落,22,assertion,alert,crisis,【緊急】
クラッシュに強い銘柄？,11,question,,,
【初心者必見】暴落相場こそ投資のチャンス？,21,question,,crisis,
【お金を守る】インフレに対抗する方法,18,assertion,,,
[The Decision-Making Illness] How to Overcome Indecisiveness,54,assertion,,,
"A New Way to Make Money, How to Start a Side Hustle?!",42,question|exclamation,,,
Solving the 3 Reasons Why You're Having Financial Difficulties,54,assertion,number_list,,
3 Mindsets of the Wealthy You Need to Know (Or You’re Missing Out),54,assertion,,,
お金に対する「ダメな考え」TOP3,17,assertion,,,
お金に賢くなる方法？,10,question,,,
お金持ちの「本物」節約術？,13,question,,,
この銘柄、全部売ります,11,assertion,,,
バブル崩壊、10の証拠？,12,question,,crisis,
来年、僕の目標,7,assertion,first_person,,
2022年、クラッシュに備える,15,assertion,,,
もう嫌だ、また売ります,11,assertion,,,
僕は怖いです,6,assertion,first_person,,
来年、危険,5,assertion,,,
My 5 Strategies for a Market Crash,28,assertion,first_person,crisis,
米国株の暴落、僕はやられた。滴滴のＮＹ上場廃止,23,assertion,first_person,crisis,
もう嫌だ、売ります,9,assertion,,,
Don't do this when you have unrealized losses,38,assertion,,,
暴落中は「これ」を絶対やらない,15,assertion,,crisis,
My money was stolen,16,assertion,first_person,,
買ってはいけないチャート②,13,assertion,series_number,,
Charts you should not buy①,22,assertion,series_number,,
もうダメだ、売ります,10,assertion,,,
「お金を稼ぐチャート」Head & Shoulders,25,assertion,,,
"""Money Making Chart"" Breakout",26,assertion,,,
インフレ危機、実は嘘です,12,assertion,,crisis,
Make Money by Posting on PostPrime!,30,exclamation,,,
[For Beginners] Start investing with just a few tens of thousands of yen!,61,exclamation,,,
損切りの３つの方法,9,assertion,number_list,,
お金持ちになれる１０の秘訣,13,assertion,,,
How to Apply as a PostPrime Creator!,30,exclamation,,,
【誤解するな】お金持ちになる「本当」の方法,21,assertion,,,
ウォール街で戦争が起きている！　低手数料争い更に激化,26,exclamation,,,
世界借金バブル、日本がど真ん中！,16,exclamation,,,
お金に不安な人、今できることTOP3,18,assertion,,,
"The basics of commodity investing, easy even for beginners",50,assertion,,,
【誰でも簡単】お金を稼ぐポートフォリオ,19,assertion,,,
日本株、やっと買い時６つの銘柄,15,assertion,number_list,,
早期にリタイアしたいですか？「FIRE」の問題点,24,question,,,
"Successful space travel: A historic investment opportunity? Let's make our dreams a reality, Japa...",87,question|suspense,first_person|curiosity_gap,,
世界相場、8〜9月に暴落する？,15,question,,crisis,
ウォール街のバブル警告【真っ赤なウソ】お金は自分で管理すべき1番の理由,35,assertion,first_person,,
日本株、1番安い株は「これ」,14,assertion,,,
"The next bubble collapse will begin ""here"".",37,assertion,,crisis,
Global Markets: Brace Yourself for Friday,36,assertion,,,
"Global markets are soaring, they're fakes.",37,assertion,,,
Will the Nikkei average soon see a major crash?,39,question,,crisis,
The global market is in the worst state.,33,assertion,,crisis,
NYダウ【緊急】450ptクラッシュ、なぜ？,22,question,alert,,【緊急】
ウォール街パニックの始まり、FRB発表で国債急落,24,assertion,,crisis,
次の大暴落はいつ起こるか、FRBショック,20,assertion,,crisis,
インフレCPI急上昇、世界相場は危険か,19,assertion,,,
ビットコイン絶望、日本株も危険？,16,question,,,
ビットコイン、まだ超ヤバイ3つの理由,18,assertion,number_list,,
ビットコイン最悪、2万6千ドルまで続落,19,assertion,,,
ビットコイン、バブル崩壊、バーゲンセールだ,21,assertion,,crisis,
ビットコイン【緊急】50％大暴落、仮想通貨の終わり,25,assertion,alert,crisis,【緊急】
日経平均、大暴落の始まりか？,14,question,,crisis,
バフェット株を買うな、相関係数に注目！SPAC＆ビットコイン批判,32,exclamation,,,
【たった２日】アルケゴス爆発で200億ドル損失、「この」投資ルールを忘れるな,38,assertion,,,
【初心者も簡単】長期投資と短期投資を分ける！,22,exclamation,,,
【投資をしないと人生は損】なぜ投資をしなければならないのか？ 複利効果と投資戦略,39,question,,,
"[Worst Drop in 4 Years] Nikkei Plummets 1,200 Yen — The Worst Day",53,assertion,,crisis,
コロナショックから１年　我々は何を学んだか？,22,question,first_person,,
CFD取引とは？ 管理費用とレバレッジコントロール,24,question,,,
【初心者もできる】海外ETFの見つけ方　インデックスファンドと比較する,35,assertion,,,
Japanese Stocks Set to Skyrocket: Foreign Investor Interest is Rising!,61,exclamation,,,
[Must-See for Beginners] How Many ETFs Should You Invest in for Long-Term Investing?,72,question,,,
世界相場はメチャクチャ、大暴落は来週に起こるのか？,25,question,,crisis,
【今買うとヤバい】バリュエーションが高すぎる銘柄？PERに注目するべきか？,37,question,,,
【絶対に損する】危険なトレンドETF,18,assertion,,,
Hedge Fund Returns Were 11% in 2020: Too Low? Is Wall Street Finished?,58,question,,,
[Easy for Anyone] Get Rich Using the Power of Compound Interest,53,assertion,,,
投資初心者へ、知っておくべき5つのことはこれだ！,24,exclamation,number_list,,
REITs vs. Physical Real Estate: Which Should You Choose?,48,question,,,
証券会社の選び方は商品による！,15,exclamation,,,
【絶対するな】ETF投資でみんなが間違えること！管理費用と相関性に注目する！,38,exclamation,,,
【誰でもできる】10倍株を見つける3つの投資戦略！,25,exclamation,number_list,,
2021年、高橋ダンの目標を発表します,19,assertion,,,
新規上場企業(IPO)の調達額が震災以来の低水準【今があなたのチャンス】,36,assertion,,,
初心者もできる、今年の投資プランの立て方,20,assertion,,,
2020年の投信運用パフォーマンス、50％近くが損益マイナス！,31,exclamation,,,
初心者もできる【数万円だけ】で簡単に投資を始められる方法,28,assertion,,,
バンガードのグローバルETF（VXUS）1246日で連続資金流入！,33,exclamation,,,
[Options Basics] The difference between volatility and skew!,53,exclamation,,,
2021年、日本株の大規模ローテーションが始まるぞ！,26,exclamation,,,
[Investment Basics] The Difference Between Dollar-Denominated and Yen-Denominated ETFs,78,assertion,,,
日経平均、年末までに「これ」が起こる！,19,exclamation,,,
【初心者でもわかる】株と債券の投資の違い,20,assertion,,,
世界初の１兆ドルETF「バンガードVT」！１つのETFに集中投資は危険！,36,exclamation,number_list,,
ピボットポイント分析の方法、サポートと抵抗レベルを予測する,29,assertion,,,
[Even beginners can understand] The basics of derivative financial products,66,assertion,,,
Should You Invest in the Airbnb IPO? Outlook for the Stock?,49,question,,,
[STAY AWAY] The Dangers of Leveraged and Inverse ETFs,45,assertion,,,
[Easy even for beginners] Build a retirement portfolio with ETF investments!,66,exclamation,,,
【騙されるな】ロボアドバイザー投資をお勧めしない３つの理由！,30,exclamation,number_list,,
アメリカ株価の大暴落、また始まった？,18,question,,crisis,
損切りの3つの秘密とは？,12,question,number_list,,
【これはマズイ？】金、銀、プラチナの大暴落、 投資で重要な教訓,30,question,,crisis,
【投資の必殺技】ボリンジャーバンドの使い方？,22,question,,,
ゴールドとシルバーが急落！これからどうする？,22,question|exclamation,,crisis,
RSI でお金を稼ぐ方法？【チャートの基本】,21,question,,,
高橋ダンの紹介 + 日常生活,12,assertion,,,
【知らないと損する】交渉でお金を増やすTop5？,24,question,,,
【初心者でもできる】債券に投資する、安全なのか？,24,question,,,
【今すぐやめろ】ストレスが上がる行動Top3?,23,question,,,
MACDの使い方【チャートの基本】,17,assertion,,,
【絶対やるな】「時間の使い方」Top3⁈,20,assertion,,,
【英語の授業】日本人はなぜ英語が話せない？ お金と関係ある？,29,question,,,
お金を増やすETFポートフォリオ？,17,question,,,
サラリーマンから1億円を稼ぐ方法⁉【もふもふ不動産×高橋ダン豪華コラボ】,36,question,,,
短期投資でトレンドを見つける方法,16,assertion,,,
長期ポートフォリオの作り方⁈,14,assertion,,,
【誤解にハマるな】投資はシャープレシオを注目？,23,question,,,
【お金の守り方】絶対にやってはいけないTop3,23,assertion,,,
初心者に「ヘッジ」の仕方を説明？ 　Dan Takahashi 高橋ダン,33,question,,,
【株バブル爆発?】FRB発言で暴落が始まる?,22,question,,crisis,
【絶対やるな】お金の無駄遣いトップ3,18,assertion,,,
日本を強くする３つの提言⁉ 【究極のアイデア!】   Dan Takahashi 高橋ダン,39,question|exclamation,number_list,,
英語ニュースの読み方 ⁉  Dan Takahashi 高橋ダン,27,question,,,
チャートの使い方/How To Use Charts?【English&日本語】,37,question,,,
【食べて人生が変わる】気が触れるほど美味い！簡単TOP3⁉,31,question|exclamation,,,
投資の始め方　How To Begin Investing?,27,question,,,
【厳禁】家でやってはいけないことTOP3 ⁉  Dan Takahashi 高橋ダン,37,question,,,
誰もが 「お金持ち」になれる方法   How To Become a MILLIONAIRE?,39,question,,,
Stock Market falling AGAIN⁉ 株が急に下落⁉【ENGLISH & 日本語】Dan Takahashi 高橋ダン,60,question,,,
自信を持てない人が「今すぐ」やるべき行動TOP3 ⁉   Dan Takahashi 高橋ダン,41,question,,,
The Future of Bitcoin,18,assertion,,,
Gold is the Answer?,16,question,,,
Economy Depression? 経済は大恐慌？【ENGLISH❗  & 日本語】,39,question|exclamation,,,
Property Crash? 不動産の暴落⁉【ENGLISH & 日本語】 Dan Takahashi 高橋ダン,50,question,,crisis,
Today’s News 今日ニュースまとめ 05/05/20【ENGLISH❗& 日本語】,42,exclamation,,,
Sell Stocks in May? 株は5月に下落?【ENGLISH❗& 日本語】Dan Takahashi 高橋ダン,54,question|exclamation,,,
"緊急事態, いつ終わる⁉ Dan Takahashi 高橋ダン",27,question,alert,,
Stock Market Crash? 日経平均の急落⁉【ENGLISH & 日本語】Dan Takahashi 高橋ダン,54,question,,crisis,
Invest in Oil? 原油を買う?【ENGLISH❗️& 日本語】Dan Takahashi 高橋ダン,49,question|exclamation,,,
Top 3 Stocks? 株を3つお勧め?【ENGLISH❗️& 日本語】Dan Takahashi 高橋ダン,50,question|exclamation,number_list,,
Oil Crash?【ENGLISH & 日本語❗ 】Dan Takahashi 高橋ダン,39,question|exclamation,,crisis,
Lockdown Ending?【ENGLISH & 日本語❗ 】Dan Takahashi 高橋ダン,45,question|exclamation,,,
3 Success Secrets? 成功の3つ秘密?【ENGLISH❗️& 日本語】Dan Takahashi 高橋ダン,55,question|exclamation,number_list|expose,,
Invest in Japan Stocks?【ENGLISH & 日本語❗ 】Dan Takahashi 高橋ダン,50,question|exclamation,,,
Economy Crash? 経済の暴落?【ENGLISH❗️& 日本語】Dan Takahashi 高橋ダン,50,question|exclamation,,crisis,
Softbank to Crash?【ENGLISH & 日本語❗ 】Dan Takahashi 高橋ダン,46,question|exclamation,,crisis,
Stock Market Danger? 米株の危険?【ENGLISH❗️ & 日本語 】Dan Takahashi 高橋ダン,55,question|exclamation,,,
Why is Oil Crashing⁉  原油暴落⁉   Dan Takahashi  [5 Point Summary Below❗ 5点概要は下記です❗ ],65,question|exclamation,,crisis,
Stock Market Retest Lows? 株価は二番底?【ENGLISH❗️ & 日本語 】Dan Takahashi 高橋ダン,60,question|exclamation,,,
5 Traits of People who Lose Money⁉  [損する人の5つ特徴⁉]     [5 Point Summary Below❗ 5点概要は下記です❗ ],71,question|exclamation,number_list,,
Sell Stocks Now?  株を売る?【ENGLISH & 日本語❗ 】Dan Takahashi 高橋ダン,50,question|exclamation,,,
Opportunity in Real Estate?【ENGLISH & 日本語❗ 】Dan Takahashi 高橋ダン,54,question|exclamation,,,
GDP Economy Crash? 経済GDP急落?【ENGLISH❗️ & 日本語 】Dan Takahashi 高橋ダン,55,question|exclamation,,crisis,
Softbank going Bankrupt⁉  ソフトバンク倒産⁉ ダン高橋  Dan Takahashi [5 Point Summary Below❗ 5点概要は下記です❗ ],78,question|exclamation,,crisis,
FX、ドル円ついに下がる？  ダン高橋  Dan Takahashi [5点概要は下記です❗ ],41,question|exclamation,,,
Coronovirus Recovery has Begun⁉  コロナ回復もう始まった⁉  Dan Takahashi [5 Point Summary Below❗ 5点概要は下記です❗ ],83,question|exclamation,,,
Economy GDP to Crash 25%?【ENGLISH & 日本語❗ 】Dan Takahashi 高橋ダン,51,question|exclamation,,crisis,
株価いつまで暴騰⁉  ダン高橋   Dan Takahashi [5点概要は下記です❗ ],37,question|exclamation,,,
World Economy Crash? 大恐慌の始まり⁈   ビデオ終わりにダンの【特殊な意見】？,44,question,,crisis,
日経平均また急減⁉  Dan Takahashi,21,question,,,
今買う、JETS株?   Dan Takahashi 高橋ダン 04/07,31,question,,,
緊急事態宣言が発表、どうなる？  ダン高橋  Dan Takahashi,32,question,alert,,
"Breaking News: OPEC delay, Crash Tomorrow? たった今、OPEC延期、明日は急減？   Dan Takahashi",67,question,alert,crisis,BREAKING
Dollar Yen going to Crash?【ENGLISH & 日本語❗ 】Dan Takahashi 高橋ダン,52,question|exclamation,,crisis,
コロナ･まもなくロックダウン封鎖⁉   Dan Takahashi,30,question,,,
3 Stocks to Avoid?【ENGLISH & 日本語❗ 】Dan Takahashi 高橋ダン,45,question|exclamation,number_list,,
US Stocks Going Up from here⁉  NYダウここから上がる⁉  Dan Takahashi [5 Point Summary Below❗ 5点概要は下記です❗ ],79,question|exclamation,,,
"Oil Crash, Time to Buy⁉   原油暴落･買うチャンス⁉ Dan Takahashi [5 Point Summary Below❗ 5点概要は下記です❗ ]",74,question|exclamation,,crisis,
Japan Stocks going to Crash Again⁉  日経平均また暴落する⁉  Dan Takahashi [5 Point Summary Below❗ 5点概要は下記です❗ ],83,question|exclamation,,crisis,
Mental Strategy for Making Money　お金を稼ぐためのメンタル戦略,43,assertion,,,
"コロナ海外情報は危ない❗ 経済と株の影響⁉ Coronovirus, Economy and Stock Market Impact⁉ Dan Takahashi",72,question|exclamation,,,
オリンピック延期・海外情報ヤバイ⁉  Dan Takahashi,29,question,,,
金を買うチャンス⁉  GOLD: a Chance to Buy Now⁉,30,question,,,
6 Reasons US Stocks Going Up⁉  株･今から上がる6つ証拠⁉ Dan Takahashi [6 Point Summary Below❗ 6点概要は下記です❗ ],80,question|exclamation,number_list,,
What to do when losing money⁉  含み損はどうする⁉ 高橋ダン  Dan Takahashi [4 Point Summary Below❗ 4点概要は下記です❗ ],80,question|exclamation,,,
"Dow Index breaking 20k, Time to Buy?  NYダウ２万以下ここが買い？",44,question,alert,,BREAKING
税金･1億円越えると税金下がる⁉️　高橋ダン　Dan Takahashi,35,question,,,
日本株の投資アイデア TOP3,14,assertion,,,
Emergency: US Stock Market Crashing 12％  NYダウが12％の暴落,45,assertion,,crisis,
【歴史に残る日】　FRBと日銀の大失敗,19,assertion,,,
５SIGNS WORLD ECONOMY DECLINING⁉  世界経済が後退する５つの証拠,42,question,number_list,,
NYダウ暴騰･回復が始まる？,14,question,,,
リーマンショックがまた始まった⁉,16,question,,,
Stock Market Crashing 9%!  NYダウ９％暴落！,31,exclamation,,crisis,
3 DANGEROUS USA STOCKS❔ アメリカ株・危険な3つ銘柄⁉   Dan Takahashi    [4 Point Summary Below❗ 4点概要は下記です❗ ],77,question|exclamation,number_list,,
WHAT TO DO WHEN STOCK MARKETS CRASH⁉株の急減･どうすればいい⁉     [5 Point Summary Below❗ 5点概要は下記です❗ ],74,question|exclamation,,crisis,
Bitcoin is a Sell?? ビットコイン売る⁉ SELL BITCOIN⁉     Dan Takahashi [3 Point Summary Below❗ 3点概要は下記です❗ ],80,question|exclamation,,,
ECONOMIC RECESSION ⁉ 日本経済は景気後退⁉,28,question,,crisis,
BUY JAPANESE STOCKS ⁉  日経平均を買う⁉   高橋ダン Dan Takahashi  [3 Point Summary Below❗ 3点概要は下記です❗ ],73,question|exclamation,,,
3 STRATEGIES for STOCK MARKET CRASH!   クラッシュ時の投資戦略,42,exclamation,,crisis,
株を買うチャンスは今⁉  高橋ダン Dan Takahashi,27,question,,,
オリンピックが中止⁉ 　6つのポイントで解説,21,question,number_list,,
日経平均の次はドル円が暴落⁉️,15,question,,crisis,
株が暴落する前に売る３つの理由！,16,exclamation,number_list,crisis,
起業家がビジネスで成功するための５つの秘密,21,assertion,number_list,,
金融危機が既に始まったと言える３つの理由  3 REASONS JAPAN FINANCIAL CRISIS IS COMING!!,58,exclamation,number_list,crisis,
新型コロナ海外情報は危険！！,14,exclamation,,,
日経平均がヤバい４つの理由,13,assertion,number_list,,
アップル株下落で株を売るべき３つの理由,19,assertion,number_list,,
たった10分で「7億円」を損した最悪の日😱,21,assertion,,,
日本のGDPが6.3%急減、３つのポイントで解説,24,assertion,number_list,,
投資で成功するための２つの秘密,15,assertion,number_list,,
ビットコイン買う理由、それといつ売る⁉️   高橋ダン   Dan Takahashi   [ bitcoin 株  投資  FX 経済  政治  金融  ビジネス  不動産  社会 社長 ],67,question,,,
リーマンショックを台風の目で経験‼️    高橋ダン   Dan Takahashi  ダン  Zeppy,41,exclamation,,,
コロナウイルス影響で株まだ売る‼️  高橋ダン   Dan Takahashi Zeppy [ 株  投資  FX 経済  政治  金融  ビジネス  不動産  社会 社長 ],62,exclamation,,,
MACDの分析方法　3つのポイントで解説,20,assertion,number_list,,
日銀は爆発する理由‼️  ダン高橋　Dan Takahashi  高橋ダン  Zeppy [ 株  投資  FX 経済  政治  金融  ビジネス  不動産  社会 ],59,exclamation,,,
投資信託って何？　投信の定義と使い方,18,question,,,
株とNYダウを売る‼️ Dan Takahashi  高橋ダン Zeppy,32,exclamation,,,
コロナウイルス影響で銅を売る４つの理由！ ダン高橋  Dan Takahashi  Zeppy,41,exclamation,number_list,,
"プラチナをまだ買う２つの理由‼️   ダン高橋    Dan Takahashi  ニュース:  経済、投資、社会、金融、教育、ビジネス, 株,  為替, 市場, お金, 政治, 取引  ZEPPY",78,exclamation,number_list,,
ビットコインを今買うべき３つの理由,17,assertion,number_list,,
コロナ影響でアメリカ株まだ売る‼️   ダン高橋    Dan Takahashi 高橋ダン Zeppy,42,exclamation,,,
投資で利益を出す５つのルール,14,assertion,number_list,,
コロナウイルスで株を売る‼️   ダン高橋    Dan Takahashi  高橋ダン Zeppy,39,exclamation,,,
"円の為替を買うのは今か？⁉️　ダン高橋    Dan Takahashi  ニュース:  経済、投資、社会、金融、教育、ビジネス, 株,  為替, 市場, お金, 政治",69,question,,,
コロナウイルスの更新情報アップデート！   ダン高橋    Dan Takahashi 高橋ダン Zeppy,44,exclamation,,,
"なぜ富の格差は拡大しているのですか?   ダン高橋    Dan Takahashi   ニュース:  経済、投資、社会、金融、教育、ビジネス, 株,  為替, 市場, お金, 政治",72,question,,,
"インドネシアのルピアを買ういいチャンス‼️     ダン高橋       Dan Takahashi   ニュース:  経済、投資、社会、金融、教育、ビジネス, 株,  為替, 市場, お金, 政治",75,exclamation,,,
Dont Trust Central Bank Currency!  Dan Takahashi Todays 5min News,55,exclamation,,,
"中銀通貨を信用するな ‼️  ダン高橋  Dan Takahashi   ニュース:  経済、投資、社会、金融、教育、ビジネス, 株,  為替, 市場, お金, 政治",66,exclamation,,,
"中国ウイルス発生?‼️  ダン高橋  Dan Takahashi  ニュース: 経済、投資、社会、金融、教育、ビジネス, 株,  為替, 市場, お金, 政治, ウイルス",70,question|exclamation,,,
日本の未来は大丈夫⁉️ ダン高橋  Dan Takahashi   ニュース: 経済、投資、社会、金融、教育、ビジネス,51,question,,,
日本人の若者がもっと必要！,13,exclamation,,,
Lehman shock experience リーマンショックの経験,32,assertion,,,
オーストラリアにてゲストスピーカー！,18,exclamation,,,
某メディア関係者にSNSについて意見を聞いてみた！,25,exclamation,,,
